tree
version=v4
num_class=1
num_tree_per_iteration=1
label_index=0
max_feature_idx=87
objective=lambdarank
feature_names=field_size distance draw weight age discipline_PLAT discipline_ATTELE_AUTOSTART discipline_ATTELE_VOLTE discipline_TROT_MONTE discipline_HAIES discipline_STEEPLECHASE discipline_CROSS_COUNTRY sex_FEMELLES sex_HONGRES plat_draw plat_weight autostart_draw horse_name_starts horse_name_top5 horse_name_win jockey_starts jockey_top5 jockey_win trainer_starts trainer_top5 trainer_win form consistency music_score music_rankpct light_weight_rankpct inner_draw_rankpct weight_spread draw_distance_interaction light_distance_interaction form_rankpct form_rel consistency_rankpct consistency_rel horse_name_top5_rankpct horse_name_top5_rel horse_name_win_rankpct horse_name_win_rel jockey_top5_rankpct jockey_top5_rel jockey_win_rankpct jockey_win_rel trainer_top5_rankpct trainer_top5_rel trainer_win_rankpct trainer_win_rel days_since_run_log fresh_7d fresh_30d layoff_60d horse_disc_starts horse_disc_top5 horse_disc_win horse_disc_top5_rankpct horse_disc_win_rankpct horse_dist_starts horse_dist_top5 horse_dist_win horse_dist_top5_rankpct horse_dist_win_rankpct horse_hippo_starts horse_hippo_top5 horse_hippo_win horse_hippo_top5_rankpct horse_hippo_win_rankpct horse_terrain_starts horse_terrain_top5 horse_terrain_win horse_terrain_top5_rankpct horse_terrain_win_rankpct jockey_disc_starts jockey_disc_top5 jockey_disc_win jockey_disc_top5_rankpct jockey_disc_win_rankpct trainer_disc_starts trainer_disc_top5 trainer_disc_win trainer_disc_top5_rankpct trainer_disc_win_rankpct form_music_mean entity_context_mean fundamental_consensus
feature_infos=[13:20] [1.1000000000000001:4.5] [0:1] [-1.3:1.45] [3:11] [0:1] [0:1] [0:1] none [0:1] [0:1] none [0:1] [0:1] [0:1] [-1.3:1.45] [0:1] [0:2.0794415416798357] [0.3125:0.66666666666666663] [0.0625:0.25] [0:6.261491684321042] [0.071428571428571425:0.78787878787878785] [0.014285714285714285:0.375] [0:5.7235851019523807] [0.23809523809523808:0.78947368421052633] [0.022727272727272728:0.31372549019607843] [0:1] [0.5:1] [0:0.97777777777777786] [0:1] [0:1] [0:1] [0:1.1000000000000001] [0:1] [0:1.288888888888889] [0:1] [-0.62475961538461533:0.55662613530260585] [0:1] [-0.29709899804318129:0.43951231060606066] [0:1] [-0.17208806818181821:0.16462585034013599] [0:1] [-0.059132534132534123:0.14973047785547786] [0:1] [-0.42486325244971845:0.26561293802647196] [0:1] [-0.10317046608948242:0.25013123722715214] [0:1] [-0.25705815772696461:0.29640180100034075] [0:1] [-0.10780366727502118:0.22249806964837521] [1.3862943611198906:4.5217885770490405] [0:1] [0:1] [0:1] [0:1.791759469228055] [0.33333333333333331:0.66666666666666663] [0.066666666666666666:0.25] [0:1] [0:1] [0:1.791759469228055] [0.33333333333333331:0.66666666666666663] [0.066666666666666666:0.25] [0:1] [0:1] [0:1.6094379124341003] [0.38461538461538464:0.58333333333333337] [0.076923076923076927:0.25] [0:1] [0:1] [0:2.0794415416798357] [0.3125:0.66666666666666663] [0.0625:0.25] [0:1] [0:1] [0:6.0958245624322247] [0.081967213114754092:0.76470588235294112] [0.016393442622950821:0.33333333333333331] [0:1] [0:1] [0:5.3132059790417872] [0.18421052631578946:0.76190476190476186] [0.014492753623188406:0.33333333333333331] [0:1] [0:1] [0:1] [0.017857142857142849:0.98076923076923084] [0.013333333333333331:0.98000000000000009]
tree_sizes=882 892 894 886 887 892 887 882 886 886 892 886 890 889 886 893 782 885 882 887 788 782 894 782 680 884 885 893 893 886 891 895 898 787 900 892 888 786 887 888 893 682 888 892 687 690 783 889 681 891 679 892 789 893 892 889 894 889 900 894 784 787 886 893 891 893 887 787 893 680 891 898 890 787 895 686 684 890 891 684 888 891 789 678 893 787 584 581 581 789 893 682 887 899 893 687 583 896 884 679 785 895 900 788 796 890 681 581 891 793 894 693 690 897 897 894 892 893 893 580

Tree=0
num_leaves=7
num_cat=0
split_feature=87 45 37 80 49 14
split_gain=18.7929 6.31653 4.69484 3.79972 2.93723 3.07152
threshold=0.59226190476190488 0.63245614035087727 0.13809523809523813 3.6242520361853052 0.14495798319327738 0.51666666666666672
decision_type=2 2 2 2 2 2
left_child=1 2 -1 -3 -2 -6
right_child=4 3 -4 -5 5 -7
leaf_value=0.016493734822271164 -0.0092993981425615307 0.01093000846886495 -0.020740794748638033 -0.01834603326931869 0.023672096193626525 0.0027374215359250937
leaf_weight=2.5966963730752459 3.1353196213021866 14.084655037149789 35.108506314456463 4.4475766308605662 25.90118804667145 8.61147667840123
leaf_count=32 46 210 717 91 321 108
internal_value=1.48333e-10 -0.0109135 -0.0178166 0.00332445 0.0161629 0.0186727
internal_weight=93.8854 56.2374 37.7052 18.5322 37.648 34.5127
internal_count=1525 1050 749 301 475 429
is_linear=0
shrinkage=0.03


Tree=1
num_leaves=7
num_cat=0
split_feature=46 29 78 75 45 44
split_gain=33.5463 32.8357 20.4697 17.3849 17.868 17.2197
threshold=-0.012709157779517038 0.91987179487179505 0.73431372549019625 4.1190041246092024 0.34313725490196084 -0.040278618663449083
decision_type=2 2 2 2 2 2
left_child=3 5 -3 -1 -5 -2
right_child=1 2 -4 4 -6 -7
leaf_value=-0.023235747698284244 -0.030179246174059229 0.041754981940871821 0.0042446292012953595 0.010616365557611071 -0.031147616759618777 0.0031452042873986947
leaf_weight=65.128627160564065 14.308630064129828 32.081423982977867 22.080807782709599 36.888908023014665 11.18482938967645 156.87627030350268
leaf_count=461 104 51 54 183 73 599
internal_value=-1.63926e-10 0.00668811 0.026817 -0.0132557 0.000462857 0.000200658
internal_weight=338.549 225.347 54.1622 113.202 48.0737 171.185
internal_count=1525 808 105 717 256 703
is_linear=0
shrinkage=0.03


Tree=2
num_leaves=7
num_cat=0
split_feature=87 40 22 86 25 35
split_gain=34.1553 16.7135 15.7346 15.5552 13.9665 8.16935
threshold=0.55313725490196097 -0.0012601981351981759 0.22540322580645164 0.79732142857142874 0.055300713557594298 0.86190476190476206
decision_type=2 2 2 2 2 2
left_child=1 4 3 -2 -1 -3
right_child=2 5 -4 -5 -6 -7
leaf_value=-0.035423744485095672 0.0085825809235675812 -0.029384060824300836 0.033701607855360034 -0.018759836595672204 0.0012762040410853035 0.010935550825752259
leaf_weight=9.691487465053795 149.45136317424476 44.022108364850283 18.518942438066006 20.434937778860331 72.948835965245962 4.5165346264839163
leaf_count=100 473 368 32 77 448 27
internal_value=2.19777e-10 -0.0117036 0.00816749 0.00520314 -0.00339978 -0.0254873
internal_weight=319.584 131.179 188.405 169.886 82.6403 48.5386
internal_count=1525 943 582 550 548 395
is_linear=0
shrinkage=0.03


Tree=3
num_leaves=7
num_cat=0
split_feature=87 76 29 46 77 29
split_gain=29.8014 14.5802 14.3956 12.3591 12.4009 10.0835
threshold=0.55313725490196097 0.58463649167111853 0.8887362637362638 0.10960522651051874 0.14524635669673838 0.62916666666666676
decision_type=2 2 2 2 2 2
left_child=1 2 -1 4 -2 -3
right_child=3 5 -4 -5 -6 -7
leaf_value=-0.018417117013811875 0.0095352877949651093 -0.0065374382375849955 0.02064230237157021 0.028889789752750031 -0.0092535242157067987 0.042394027607363341
leaf_weight=99.414599176496267 122.26006403192878 7.5825513824820501 8.4559588488191348 20.682193920016289 41.635951414704323 6.1491475328803062
leaf_count=849 403 47 35 34 145 12
internal_value=-1.25063e-11 -0.0114776 -0.0151938 0.00758269 0.00473503 0.0167648
internal_weight=306.18 121.602 107.871 184.578 163.896 13.7317
internal_count=1525 943 884 582 548 59
is_linear=0
shrinkage=0.03


Tree=4
num_leaves=7
num_cat=0
split_feature=46 29 84 75 25 59
split_gain=25.9212 17.9411 18.2766 17.3562 12.9357 11.0787
threshold=-0.011496756050815472 0.98529411764705899 0.57793522267206487 4.1190041246092024 0.125492125984252 0.62019230769230782
decision_type=2 2 2 2 2 2
left_child=3 2 -2 -1 -5 -3
right_child=1 5 -4 4 -6 -7
leaf_value=-0.024877995121326716 -0.0099670506161973378 0.03991377748318424 0.010302442212833876 0.008516572220821951 -0.028537386444643612 0.0028381793400326055
leaf_weight=49.420478662475944 65.458417616784573 19.654090277850631 99.779485829174519 37.616860115900636 9.8652494717389327 11.430424142628906
leaf_count=475 363 29 367 190 70 31
internal_value=-4.71121e-11 0.00626154 0.0022611 -0.0126201 0.000388132 0.0267937
internal_weight=293.225 196.322 165.238 96.9026 47.4821 31.0845
internal_count=1525 790 730 735 260 60
is_linear=0
shrinkage=0.03


Tree=5
num_leaves=7
num_cat=0
split_feature=85 47 48 77 29 36
split_gain=28.2977 19.3143 16.5358 16.0774 11.4799 15.2884
threshold=0.63397435897435905 0.78869047619047628 0.075789217012471918 0.29217479674796754 0.98529411764705899 -0.035933230372568591
decision_type=2 2 2 2 2 2
left_child=1 3 -3 -1 5 -2
right_child=4 2 -4 -5 -6 -7
leaf_value=-0.017752333338700133 0.040791786831380294 0.028141714615746227 -0.0072129062979023485 0.042704587542836181 0.024562616404802225 0.00082005111060241256
leaf_weight=105.04962118156254 8.5458162724971753 19.004169318825006 28.659358877688646 3.1835761964321128 35.322374187409878 88.488975943997502
leaf_count=859 14 62 140 3 80 367
internal_value=3.40965e-10 -0.00863593 0.00717214 -0.0155994 0.0101603 0.00472053
internal_weight=288.254 155.897 47.6635 108.233 132.357 97.0348
internal_count=1525 1064 202 862 461 381
is_linear=0
shrinkage=0.03


Tree=6
num_leaves=7
num_cat=0
split_feature=46 75 34 28 25 34
split_gain=22.6336 13.4309 12.8764 11.3752 8.82029 7.81164
threshold=-0.012709157779517038 4.1190041246092024 0.39297385620915043 0.27222222222222231 0.125492125984252 0.90833333333333355
decision_type=2 2 2 2 2 2
left_child=1 -1 3 -2 -3 -4
right_child=2 4 5 -5 -6 -7
leaf_value=-0.024211976506202399 -0.023075534481668433 0.0050519171652435866 -0.020263419413174531 0.010779148363020781 -0.030410775675721806 0.023296421385979052
leaf_weight=43.34313115477562 8.548225946724413 37.410140503197908 22.13014631904662 156.01105222851038 6.5542473625391713 3.5458196736872187
leaf_count=461 72 189 147 575 67 14
internal_value=-1.41091e-10 -0.012562 0.00580082 0.00889177 -0.000793643 -0.0136001
internal_weight=277.543 87.3075 190.235 164.559 43.9644 25.676
internal_count=1525 717 808 647 256 161
is_linear=0
shrinkage=0.03


Tree=7
num_leaves=7
num_cat=0
split_feature=87 76 38 75 75 20
split_gain=22.0227 14.8115 12.6646 10.7817 11.821 10.2204
threshold=0.59226190476190488 0.57386096334093306 -0.20300811790674014 5.272986409146923 5.7219484392798972 4.5379471377116305
decision_type=2 2 2 2 2 2
left_child=1 2 -1 5 -5 -2
right_child=3 -3 -4 4 -6 -7
leaf_value=0.021005522657846651 0.0019939389114974932 0.014657632666234459 -0.01638624055864743 -0.032015827000875414 0.018970583614801539 0.018904721674633539
leaf_weight=8.0237655621021968 61.545124154537916 19.164781266823411 99.470573298633099 10.621940754354002 5.5014894083142272 66.985978256911039
leaf_count=48 230 88 914 50 16 179
internal_value=1.57089e-10 -0.00909624 -0.0134273 0.00797241 -0.0145268 0.0108852
internal_weight=271.314 126.659 107.494 144.655 16.1234 128.531
internal_count=1525 1050 962 475 66 409
is_linear=0
shrinkage=0.03


Tree=8
num_leaves=7
num_cat=0
split_feature=87 42 36 42 51 2
split_gain=20.0332 13.099 12.3956 12.8619 9.26276 5.19847
threshold=0.47100840336134459 -0.018041853979353966 -0.34539194662549916 -0.02227494727494728 3.3842466058243152 0.34166666666666673
decision_type=2 2 2 2 2 2
left_child=1 4 -2 -4 -1 -3
right_child=2 5 3 -5 -6 -7
leaf_value=-0.01620836499273345 0.043224450739914648 -0.013942258024465059 -0.021749818766531929 0.0055654223409758877 0.02118141563542791 -0.035570598978830442
leaf_weight=9.9112591315060872 6.2492160201072684 25.466024151071906 15.983343657106159 180.26772444695234 12.216073058545588 18.310203157365322
leaf_count=107 9 269 111 739 78 212
internal_value=4.8954e-11 -0.0142412 0.00468201 0.00324179 0.00445713 -0.0235811
internal_weight=268.404 65.9036 202.5 196.251 22.1273 43.7762
internal_count=1525 666 859 850 185 481
is_linear=0
shrinkage=0.03


Tree=9
num_leaves=7
num_cat=0
split_feature=87 51 22 46 46 77
split_gain=17.7765 12.8285 10.6719 8.23917 12.2285 2.1824
threshold=0.59226190476190488 3.9981586158983733 0.17231800766283528 0.10960522651051874 0.055754325500230947 0.10729043683589139
decision_type=2 2 2 2 2 2
left_child=1 2 -1 4 -2 -3
right_child=3 5 -4 -5 -6 -7
leaf_value=-0.015236463231831344 0.0087182893919476347 0.0057423911964821495 0.010279266642649703 0.026874117527642183 -0.015363371030167479 0.03529547206195769
leaf_weight=94.550496501848102 105.90228397771716 4.2956662811338884 16.720979923382401 15.810392461717127 22.124398544430733 5.0852658227086067
leaf_count=931 351 26 77 27 97 16
internal_value=-1.32858e-10 -0.00845442 -0.0113448 0.00710109 0.0044699 0.0236195
internal_weight=264.489 120.652 111.271 143.837 128.027 9.38093
internal_count=1525 1050 1008 475 448 42
is_linear=0
shrinkage=0.03


Tree=10
num_leaves=7
num_cat=0
split_feature=87 26 42 87 51 64
split_gain=15.3925 12.111 11.3884 10.7735 8.76665 4.06785
threshold=0.42583333333333334 0.26868686868686881 -0.01924065517815517 0.61558704453441326 3.3842466058243152 0.37980769230769235
decision_type=2 2 2 2 2 2
left_child=2 -2 4 -3 -1 -4
right_child=1 3 5 -5 -6 -7
leaf_value=-0.021445212394494342 0.033719035713442994 -0.0067171491777392352 -0.006022666589301731 0.0073137986415782643 0.019996623346511075 -0.033110935436568678
leaf_weight=6.6580613404512432 10.239747781306503 81.049723763018847 7.0619913488626507 122.30755389854312 10.528257831931112 21.573890898376703
leaf_count=84 23 580 78 406 60 294
internal_value=-3.74734e-11 0.00340033 -0.0155845 0.00171614 0.00364546 -0.0268592
internal_weight=259.419 213.597 45.8222 203.357 17.1863 28.6359
internal_count=1525 1009 516 986 144 372
is_linear=0
shrinkage=0.03


Tree=11
num_leaves=7
num_cat=0
split_feature=46 35 75 40 25 64
split_gain=14.6147 11.6633 9.18564 11.7383 9.47171 8.70959
threshold=-0.02018208015630121 0.92582417582417598 5.2284276452838947 0.06731809856809863 0.16060405643738981 0.23431372549019611
decision_type=2 2 2 2 2 2
left_child=1 5 3 -2 -4 -1
right_child=2 -3 4 -5 -6 -7
leaf_value=0.00011432925417045115 0.0031212940519258141 0.017334883574434658 -0.02848646612171133 0.025706629593830188 0.01796802782427789 -0.025695365188435324
leaf_weight=17.025921130552888 151.51852198317647 9.2886938862502557 13.057055531069638 23.066551314666867 4.7107358723878852 37.034642592072487
leaf_count=128 767 36 95 56 16 427
internal_value=2.73359e-10 -0.012384 0.00412148 0.00623473 -0.015869 -0.0177124
internal_weight=255.702 63.3493 192.353 174.585 17.7678 54.0606
internal_count=1525 591 934 823 111 555
is_linear=0
shrinkage=0.03


Tree=12
num_leaves=7
num_cat=0
split_feature=85 47 20 75 22 40
split_gain=12.164 20.7219 12.9518 11.0667 8.67277 11.7387
threshold=0.63397435897435905 0.78869047619047628 4.7405652883788738 4.5271940351011493 0.22540322580645164 0.085649073149073204
decision_type=2 2 2 2 2 2
left_child=1 3 -3 -1 5 -2
right_child=4 2 -4 -5 -6 -7
leaf_value=-0.022350956254226437 0.0074065742530406414 0.020538808387302227 -0.013164103368257992 0.00054080055386395147 0.031399502632029737 -0.024491958057288855
leaf_weight=57.655628796666861 100.41292497329414 31.202577624469995 14.245449122041462 28.049097469076514 10.69720011949539 10.588246893137692
leaf_count=642 394 119 83 220 17 50
internal_value=1.81517e-10 -0.00631534 0.00991883 -0.0149392 0.00680196 0.00417231
internal_weight=252.851 131.153 45.448 85.7047 121.698 111.001
internal_count=1525 1064 202 862 461 444
is_linear=0
shrinkage=0.03


Tree=13
num_leaves=7
num_cat=0
split_feature=46 34 79 28 28 24
split_gain=13.5884 10.1966 12.2168 9.81036 8.70735 11.518
threshold=-0.02018208015630121 0.39297385620915043 0.26794871794871805 0.27222222222222231 0.67777777777777792 0.46453722334004027
decision_type=2 2 2 2 2 2
left_child=4 3 -3 -2 -1 -6
right_child=1 2 -4 -5 5 -7
leaf_value=-0.020032008933416508 -0.025890430851545961 0.039142850462298283 -0.020101134269008548 0.0084150979170847049 0.030423827405258706 -0.014286108499266703
leaf_weight=40.720064830034971 6.9241275638341895 2.6456356793642071 23.831256575882435 155.15192295610905 7.7440530881285694 11.790719270706175
leaf_count=483 84 6 187 657 31 77
internal_value=1.67795e-10 0.00396954 -0.0129722 0.00679974 -0.0122837 0.00405643
internal_weight=248.808 188.553 26.4769 162.076 60.2548 19.5348
internal_count=1525 934 193 741 591 108
is_linear=0
shrinkage=0.03


Tree=14
num_leaves=7
num_cat=0
split_feature=87 51 46 86 22 41
split_gain=12.0024 14.4644 9.8006 7.43651 9.43322 6.96761
threshold=0.59226190476190488 3.9981586158983733 0.071317638919567772 0.79732142857142874 0.15395010395010397 0.93725490196078443
decision_type=2 2 2 2 2 2
left_child=1 2 -1 5 -5 -2
right_child=3 -3 -4 4 -6 -7
leaf_value=-0.014457794543018421 0.005210906312907178 0.025339084980253227 0.012180549545879859 -0.037900561539865159 0.005305170695617238 0.024116619473332986
leaf_weight=87.233784817159176 96.922929454594851 10.124075412750242 13.688006985932587 6.4597108550369766 11.124028503894804 20.687284614890814
leaf_count=947 345 42 61 44 40 46
internal_value=-1.27266e-10 -0.00727277 -0.0107608 0.00598326 -0.0117526 0.00871165
internal_weight=246.24 111.046 100.922 135.194 17.5837 117.61
internal_count=1525 1050 1008 475 84 391
is_linear=0
shrinkage=0.03


Tree=15
num_leaves=7
num_cat=0
split_feature=46 50 25 28 24 47
split_gain=11.6944 9.52721 12.6895 8.61257 10.0626 8.98795
threshold=-0.02018208015630121 0.097473505656920159 0.16903096903096906 0.67777777777777792 0.46453722334004027 0.71008403361344541
decision_type=2 2 2 2 2 2
left_child=3 2 -2 5 -5 -1
right_child=1 -3 -4 4 -6 -7
leaf_value=-0.029564365172495881 0.0037653689993244208 0.023890771265741718 -0.026773460207755832 0.028360027500491967 -0.013841828439203861 0.00096467268499906655
leaf_weight=25.766645938158035 155.44415196962655 17.844658635556698 12.288012668490408 8.0390641931444424 10.688713300973175 12.752484532073138
leaf_count=383 813 42 79 31 77 100
internal_value=2.74979e-11 0.00366346 0.00138269 -0.0117348 0.00479299 -0.0196885
internal_weight=242.824 185.577 167.732 57.2469 18.7278 38.5191
internal_count=1525 934 892 591 108 483
is_linear=0
shrinkage=0.03


Tree=16
num_leaves=6
num_cat=0
split_feature=87 51 76 29 25
split_gain=10.8058 10.6361 10.1953 6.65222 5.98356
threshold=0.55313725490196097 3.9981586158983733 0.58651515151515154 0.24264705882352947 0.20900537634408606
decision_type=2 2 2 2 2
left_child=1 2 -1 -2 -5
right_child=3 -3 -4 4 -6
leaf_value=-0.015630273415384276 0.030341686712956808 0.022097793250199768 0.014612436581296009 0.0011843674461196425 0.020831621645436733
leaf_weight=71.164648797363043 7.7482147701084605 8.5152089186012727 10.845509506762026 127.73515131697059 14.682457864284514
leaf_count=852 20 37 54 526 36
internal_value=1.12421e-10 -0.00813541 -0.0115029 0.00492569 0.00334102
internal_weight=240.691 90.5254 82.0102 150.166 142.418
internal_count=1525 943 906 582 562
is_linear=0
shrinkage=0.03


Tree=17
num_leaves=7
num_cat=0
split_feature=87 1 36 75 37 84
split_gain=10.3861 9.53897 8.68084 9.85029 6.69447 4.06852
threshold=0.42583333333333334 2.9125000000000005 -0.2952379559259396 4.0163424379838117 0.069047619047619038 0.65045248868778283
decision_type=2 2 2 2 2 2
left_child=1 4 -2 -4 -1 -3
right_child=2 5 3 -5 -6 -7
leaf_value=0.026098694403624414 0.031758495176691465 -0.0058064545177648388 -0.0061611321220765474 0.0075295224603327921 -0.022633795411432619 0.041433279473752083
leaf_weight=1.9193842336535443 7.9302120469510546 2.5581309515982857 83.846666108816862 105.93634533695877 33.24088768940419 2.7030890807509422
leaf_count=6 20 35 520 469 467 8
internal_value=2.50067e-10 -0.0136653 0.00284852 0.00148036 -0.0193253 0.0212053
internal_weight=238.135 40.4215 197.713 189.783 35.1603 5.26122
internal_count=1525 516 1009 989 473 43
is_linear=0
shrinkage=0.03


Tree=18
num_leaves=7
num_cat=0
split_feature=84 28 37 79 3 21
split_gain=10.0897 19.1664 11.5665 11.5653 10.9864 3.24955
threshold=0.57793522267206487 0.80740740740740768 0.13809523809523813 0.17156862745098042 0.27500000000000008 0.39140689089417563
decision_type=2 2 2 2 2 2
left_child=1 2 -1 5 -5 -2
right_child=3 -3 -4 4 -6 -7
leaf_value=0.023572712123511474 0.0056477583190531113 0.023717057680619255 -0.01455005879702582 0.012055203487633104 -0.012954350573751869 -0.036708358800817784
leaf_weight=6.8923236951231948 1.8069547340273846 15.20238873362541 88.705920732580125 100.36228645034134 17.879082990810275 6.0370802283287048
leaf_count=32 19 38 807 463 96 70
internal_value=4.50152e-10 -0.0065734 -0.011586 0.0057828 0.00819662 -0.0274158
internal_weight=236.886 110.801 95.5982 126.085 118.241 7.84403
internal_count=1525 877 839 648 559 89
is_linear=0
shrinkage=0.03


Tree=19
num_leaves=7
num_cat=0
split_feature=87 4 38 47 26 80
split_gain=9.50651 11.2253 9.27983 9.27394 13.0586 4.88158
threshold=0.61435897435897469 7.5000000000000009 -0.20300811790674014 0.32843137254901966 0.9295634920634922 2.249904835165133
decision_type=2 2 2 2 2 2
left_child=1 2 -1 -2 -5 -3
right_child=3 5 -4 4 -6 -7
leaf_value=0.025917966949873354 0.025920371489628436 -0.010114310644706118 -0.004452593996226873 0.0072686808808667767 -0.022358200550350388 -0.038983952471060464
leaf_weight=9.0646899342536909 17.089952573180199 11.69929855130613 89.454161798581481 81.398442596197128 14.997353829443453 10.281827565282581
leaf_count=38 46 113 828 303 64 133
internal_value=-2.87068e-11 -0.00584489 -0.00142585 0.00620299 0.00247707 -0.024727
internal_weight=233.986 120.5 98.5189 113.486 96.3958 21.9811
internal_count=1525 1112 866 413 367 246
is_linear=0
shrinkage=0.03


Tree=20
num_leaves=6
num_cat=0
split_feature=50 25 25 49 46
split_gain=8.59735 10.2716 12.5093 6.00646 4.64276
threshold=0.097473505656920159 0.16903096903096906 0.15863337204800623 0.92582417582417598 0.071317638919567772
decision_type=2 2 2 2 2
left_child=1 2 -1 -3 -2
right_child=4 3 -4 -5 -6
leaf_value=-0.0023917251493236012 0.00012400090444571567 -0.0051967999853999415 0.022478379590197183 -0.044429087983825472 0.031287184520678378
leaf_weight=181.4473237209022 6.8697186969220665 7.0739475749433023 19.219322733581066 6.6194034945219755 10.550168260931967
leaf_count=1303 28 49 60 65 20
internal_value=7.67717e-11 -0.00168252 8.99195e-05 -0.0258948 0.0196716
internal_weight=231.78 214.36 200.667 13.6934 17.4199
internal_count=1525 1477 1363 114 48
is_linear=0
shrinkage=0.03


Tree=21
num_leaves=6
num_cat=0
split_feature=75 28 84 23 75
split_gain=8.00821 12.9884 11.9559 8.46912 8.75332
threshold=4.0163424379838117 0.80740740740740768 0.61651583710407254 1.8688348091416842 5.3008111373035574
decision_type=2 2 2 2 2
left_child=1 2 -1 -2 -5
right_child=3 -3 -4 4 -6
leaf_value=-0.020207092556508356 -0.031801762185064572 0.022407135892291395 0.0009833866683042411 0.01003198706330284 -0.013196977179503666
leaf_weight=47.508110115304589 4.3626946974545708 11.864428400993345 47.182993398979306 102.75456049665809 16.106261223554611
leaf_count=524 32 33 285 539 112
internal_value=-1.4693e-10 -0.00599291 -0.0097483 0.00518879 0.0068005
internal_weight=229.779 106.556 94.6911 123.224 118.861
internal_count=1525 842 809 683 651
is_linear=0
shrinkage=0.03


Tree=22
num_leaves=7
num_cat=0
split_feature=85 47 19 24 63 20
split_gain=8.03292 13.3508 12.1394 8.73821 7.02731 18.3047
threshold=0.63397435897435905 0.78869047619047628 0.087121212121212141 0.50539881574364343 0.62916666666666676 4.5379471377116305
decision_type=2 2 2 2 2 2
left_child=1 3 -3 -1 -2 -6
right_child=4 2 -4 -5 5 -7
leaf_value=-0.0073388448719145152 0.013186982337476014 -0.02799312921026776 0.015321568057490704 -0.032147838229037037 -0.028586652963668788 0.0091742289400820621
leaf_weight=64.139674510806799 55.963908493518829 6.0029289275407782 34.923105766996741 15.282503392547367 15.328678760677574 38.538264036178589
leaf_count=692 221 50 152 170 103 137
internal_value=1.40625e-10 -0.00533286 0.00845213 -0.012453 0.00583892 -0.00189639
internal_weight=230.179 120.348 40.926 79.4222 109.831 53.8669
internal_count=1525 1064 202 862 461 240
is_linear=0
shrinkage=0.03


Tree=23
num_leaves=6
num_cat=0
split_feature=22 83 85 81 49
split_gain=8.92113 7.57389 10.3179 9.67067 4.70132
threshold=0.21383540313698685 0.767948717948718 0.63397435897435905 0.540762073548959 0.79705882352941193
decision_type=2 2 2 2 2
left_child=1 2 -1 -3 -2
right_child=4 3 -4 -5 -6
leaf_value=-0.013977437563755638 0.0015202607607500279 0.025898043275172762 0.0025457410609675841 -9.086052323480819e-05 0.029598199408722818
leaf_weight=70.362319378182292 9.2959653139114398 15.729050755500792 64.48672929033637 56.066150709986687 12.076232008635996
leaf_count=825 38 57 297 283 25
internal_value=-5.73641e-11 -0.0019393 -0.00611524 0.0058804 0.0179994
internal_weight=228.016 206.644 134.849 71.7952 21.3722
internal_count=1525 1462 1122 340 63
is_linear=0
shrinkage=0.03


Tree=24
num_leaves=5
num_cat=0
split_feature=77 4 28 86
split_gain=7.94621 7.63686 13.9331 7.82536
threshold=0.23973727422003285 7.5000000000000009 0.72777777777777797 0.79732142857142874
decision_type=2 2 2 2
left_child=1 3 -3 -1
right_child=-2 2 -4 -5
leaf_value=0.0026648213574152913 0.023230923906409504 -0.023282073368278481 0.026178020761247801 -0.022734036982014139
leaf_weight=171.63221664912999 11.524578765034674 27.067040657624602 5.3971405029296866 10.656404107809065
leaf_count=1123 28 293 14 67
internal_value=4.03371e-11 -0.00134857 -0.0145228 0.0010641
internal_weight=226.277 214.753 32.4642 182.289
internal_count=1525 1497 307 1190
is_linear=0
shrinkage=0.03


Tree=25
num_leaves=7
num_cat=0
split_feature=84 28 64 3 87 23
split_gain=7.99875 11.6784 9.99991 9.19294 8.63497 5.06312
threshold=0.57793522267206487 0.80740740740740768 0.23431372549019611 0.47500000000000003 0.61435897435897469 4.2121001622835372
decision_type=2 2 2 2 2 2
left_child=1 3 5 -1 -4 -2
right_child=2 -3 4 -5 -6 -7
leaf_value=-0.013871726279362348 0.027707536992868192 0.018183458412561984 -0.0099770702886826709 0.01270510774789504 0.0082900391567955149 -0.0029896414998010459
leaf_weight=78.176760321483016 20.92684926465154 14.512848183512686 39.416594721376896 12.940763797610996 53.96483476832509 5.9701247140765181
leaf_count=770 79 38 345 69 184 40
internal_value=1.24371e-10 -0.00599381 0.00526988 -0.0100003 0.000555421 0.021031
internal_weight=225.909 105.63 120.278 91.1175 93.3814 26.897
internal_count=1525 877 648 839 529 119
is_linear=0
shrinkage=0.03


Tree=26
num_leaves=7
num_cat=0
split_feature=4 85 22 37 51 39
split_gain=7.52019 9.81215 6.59796 8.30109 4.28352 1.26852
threshold=8.5000000000000018 0.85147058823529431 0.21039136302294201 0.16025641025641027 2.9700856263602158 0.78869047619047628
decision_type=2 2 2 2 2 2
left_child=2 5 3 -1 -4 -2
right_child=1 -3 4 -5 -6 -7
leaf_value=0.021407980327265503 -0.035981235251491633 0.024049933932737178 0.033506848802299795 -0.0021877570456296106 0.0061702575532916982 -0.0042647686418243336
leaf_weight=13.530798375606535 9.847059438005088 2.7941682934761038 7.5811191201210049 174.37486757524312 14.424914885312317 1.5929414853453625
leaf_count=59 125 9 16 1254 48 14
internal_value=2.62851e-11 -0.0203555 0.00147028 -0.000384332 0.0166349 -0.0322628
internal_weight=224.146 14.2342 209.912 187.906 22.006 11.44
internal_count=1525 148 1377 1313 64 139
is_linear=0
shrinkage=0.03


Tree=27
num_leaves=7
num_cat=0
split_feature=4 85 46 44 34 39
split_gain=7.32933 8.63394 6.3754 8.08166 6.54145 1.22871
threshold=8.5000000000000018 0.85147058823529431 -0.02018208015630121 -0.030389099840894881 0.39297385620915043 0.78869047619047628
decision_type=2 2 2 2 2 2
left_child=2 5 3 -1 -4 -2
right_child=1 -3 4 -5 -6 -7
leaf_value=0.0010027810417852841 -0.035432058434335077 0.022102201154176961 0.0068264550725178419 -0.024191863025860259 -0.0099754130674875128 -0.0040803317521344905
leaf_weight=32.057159081101418 9.5147067271172983 2.6796190403401843 137.32831585966051 16.767724987119436 23.647612677887082 1.5749317109584797
leaf_count=323 125 9 665 196 193 14
internal_value=1.80529e-10 -0.02043 0.00143138 -0.00796159 0.00431189 -0.0316853
internal_weight=223.57 13.7693 209.801 48.8249 160.976 11.0896
internal_count=1525 148 1377 519 858 139
is_linear=0
shrinkage=0.03


Tree=28
num_leaves=7
num_cat=0
split_feature=87 40 25 28 77 1
split_gain=6.93554 9.6995 8.34111 5.56447 9.12757 6.98368
threshold=0.55313725490196097 -0.0012601981351981759 0.055300713557594298 0.43333333333333351 0.10266545049153745 2.6875000000000004
decision_type=2 2 2 2 2 2
left_child=1 2 -1 5 -5 -2
right_child=3 -3 -4 4 -6 -7
leaf_value=-0.029972019816952977 -0.0046471747694286679 -0.020119457314831758 0.0050072153986725678 0.011750028258694664 -0.0049232823168885746 0.035183855842531732
leaf_weight=5.9760724361985913 5.9931774772703639 29.903790076263249 49.951763475313783 49.193519789725542 70.927641324698925 9.5892682895064336
leaf_count=100 36 395 448 221 304 21
internal_value=-2.2287e-10 -0.0066304 0.000808734 0.00421151 0.00194562 0.020508
internal_weight=221.535 85.8316 55.9278 135.704 120.121 15.5824
internal_count=1525 943 548 582 525 57
is_linear=0
shrinkage=0.03


Tree=29
num_leaves=7
num_cat=0
split_feature=29 4 76 24 59 75
split_gain=8.33449 11.1706 10.2405 7.59867 14.6904 9.47204
threshold=0.72380952380952401 7.5000000000000009 0.64334637964774966 0.46190130624092895 0.62916666666666676 3.6242520361853052
decision_type=2 2 2 2 2 2
left_child=1 2 -1 5 -5 -2
right_child=3 -3 -4 4 -6 -7
leaf_value=-0.0045744016269023751 -0.0084313044723942372 -0.026353730390583342 0.02610376010488891 0.010297551167231885 -0.01852275451887208 0.028218052775804754
leaf_weight=92.014248827472329 8.1604094319045561 18.132956171408296 9.9475135356187803 47.25663928501308 22.754300026223063 22.539614986628294
leaf_count=801 60 238 36 186 127 77
internal_value=3.80807e-11 -0.00531764 -0.00135694 0.00633106 0.000801709 0.0185176
internal_weight=220.806 120.095 101.962 100.711 70.0109 30.7
internal_count=1525 1075 837 450 313 137
is_linear=0
shrinkage=0.03


Tree=30
num_leaves=7
num_cat=0
split_feature=29 4 76 64 24 68
split_gain=8.22078 11.1605 8.41715 6.13039 7.67974 3.38465
threshold=0.72380952380952401 7.5000000000000009 0.64334637964774966 0.12916666666666668 0.46190130624092895 0.93095238095238109
decision_type=2 2 2 2 2 2
left_child=1 2 -1 -2 -5 -3
right_child=3 5 -4 4 -6 -7
leaf_value=-0.0043558849605075988 0.027147490466302274 -0.030589651144752553 0.022991286743187195 0.016363118915009734 -0.0023413963338151413 0.011206839041929938
leaf_weight=91.860430872067809 10.330586057156323 16.044267030432824 10.372794788330792 28.034724876284599 61.189342845231295 1.4366062059998501
leaf_count=801 34 231 36 125 291 7
internal_value=1.64833e-10 -0.00527764 -0.00138535 0.00633572 0.00365189 -0.0267342
internal_weight=219.269 119.714 102.233 99.5547 89.2241 17.4809
internal_count=1525 1075 837 450 416 238
is_linear=0
shrinkage=0.03


Tree=31
num_leaves=7
num_cat=0
split_feature=20 63 46 85 23 45
split_gain=6.97722 15.5736 13.3379 9.94243 8.5456 7.68637
threshold=4.516324041782946 0.62916666666666676 -0.010267716499819208 0.51854395604395609 3.9981586158983733 0.062745098039215699
decision_type=2 2 2 2 2 2
left_child=1 2 -1 4 -2 -3
right_child=3 5 -4 -5 -6 -7
leaf_value=-0.015819331538852371 0.0022045300542308972 0.014808848424701567 0.0079335302467119714 0.011478589283946813 -0.030104487784768312 -0.036491697530127924
leaf_weight=31.049564341083169 22.575155006721616 2.5333775468170669 62.295722657814622 74.223032101988792 9.8505814373493177 16.435646243393421
leaf_count=411 178 17 339 318 112 150
internal_value=6.21355e-12 -0.00519595 -5.13449e-05 0.00546941 -0.00821759 -0.0292418
internal_weight=218.963 112.314 93.3453 106.649 32.4257 18.969
internal_count=1525 917 750 608 290 167
is_linear=0
shrinkage=0.03


Tree=32
num_leaves=7
num_cat=0
split_feature=87 51 68 87 13 42
split_gain=7.06544 8.44334 7.5164 4.02497 8.94024 7.10372
threshold=0.59226190476190488 3.9981586158983733 0.079831932773109252 0.67490196078431397 1.0000000180025095e-35 -0.016875890313390315
decision_type=2 2 2 2 2 2
left_child=1 2 -1 5 -5 -2
right_child=3 -3 -4 4 -6 -7
leaf_value=0.018437477742664996 -0.018853222567620832 0.019863965870388193 -0.011109721278442819 -0.014259651593271291 0.0086837258741626309 0.015091490288038308
leaf_weight=7.6136731356382361 5.4273176640272132 9.5417689103633148 85.145068260841072 23.626602061092854 39.297559689730406 46.128637835383415
leaf_count=51 37 42 957 121 153 164
internal_value=-1.24648e-10 -0.00570018 -0.00851369 0.00509899 -1.93011e-05 0.0112274
internal_weight=216.781 102.301 92.7587 114.48 62.9242 51.556
internal_count=1525 1050 1008 475 274 201
is_linear=0
shrinkage=0.03


Tree=33
num_leaves=6
num_cat=0
split_feature=50 25 25 49 45
split_gain=6.65652 9.80649 9.24278 4.03095 2.86157
threshold=0.097473505656920159 0.16903096903096906 0.15863337204800623 0.92582417582417598 0.91987179487179505
decision_type=2 2 2 2 2
left_child=1 2 -1 -3 -2
right_child=4 3 -4 -5 -6
leaf_value=-0.0019104219335456568 0.0027850535167534118 -0.0077351414713111664 0.020179727755814485 -0.041976824080680188 0.029181653592476813
leaf_weight=169.31803659442812 6.4387617707252494 6.5051711872220022 17.943219348788261 6.0527571327984333 8.4750929772853834
leaf_count=1303 29 49 60 65 19
internal_value=9.6376e-11 -0.00148002 0.000302185 -0.026118 0.0186766
internal_weight=214.733 199.819 187.261 12.5579 14.9139
internal_count=1525 1477 1363 114 48
is_linear=0
shrinkage=0.03


Tree=34
num_leaves=7
num_cat=0
split_feature=87 40 25 44 46 21
split_gain=6.37751 7.87626 7.25867 5.31606 10.6752 5.8624
threshold=0.55313725490196097 -0.0012601981351981759 0.055300713557594298 -0.036840094631890051 -0.011496756050815472 0.40928683385579945
decision_type=2 2 2 2 2 2
left_child=1 2 -1 5 -5 -2
right_child=3 -3 -4 4 -6 -7
leaf_value=-0.028935514308619077 -0.0083378139345662051 -0.018781434960902701 0.0041810331420956528 -0.01965628284371429 0.0055711766955254165 0.027316238309511222
leaf_weight=5.747603189200162 5.1203506439924267 28.914616998285055 49.829309675842524 16.994947511702776 92.858232349157333 14.610095053911207
leaf_count=100 32 395 448 138 361 51
internal_value=-1.09158e-10 -0.00636982 0.000305313 0.00417025 0.00152623 0.0181076
internal_weight=214.075 84.4915 55.5769 129.584 109.853 19.7304
internal_count=1525 943 548 582 499 83
is_linear=0
shrinkage=0.03


Tree=35
num_leaves=7
num_cat=0
split_feature=87 51 59 86 25 69
split_gain=6.23385 7.67704 6.71166 4.84686 7.60808 4.81295
threshold=0.60717948717948722 3.9981586158983733 0.53708791208791218 0.79732142857142874 0.15863337204800623 0.61607142857142871
decision_type=2 2 2 2 2 2
left_child=1 2 -1 5 -5 -2
right_child=3 -3 -4 4 -6 -7
leaf_value=-0.0018725824735555028 0.010850845164607947 0.019036039757106757 -0.018114781095364879 -0.028779831748615824 0.012431057021438029 -0.0093492003549855117
leaf_weight=68.210047625005245 74.871944762766361 10.010938130319117 33.674436489120126 7.786189064383505 6.650342907756567 11.556672662496565
leaf_count=669 284 44 389 59 25 55
internal_value=-4.86061e-11 -0.00485508 -0.00736478 0.00538081 -0.0102201 0.00807379
internal_weight=212.761 111.895 101.884 100.865 14.4365 86.4286
internal_count=1525 1102 1058 423 84 339
is_linear=0
shrinkage=0.03


Tree=36
num_leaves=7
num_cat=0
split_feature=28 23 84 79 20 41
split_gain=5.62819 10.4542 9.28453 8.72004 6.65718 4.24711
threshold=0.72777777777777797 3.9981586158983733 0.59411764705882364 0.92582417582417598 5.1445790166580574 0.12916666666666668
decision_type=2 2 2 2 2 2
left_child=1 2 -1 4 -2 -3
right_child=3 5 -4 -5 -6 -7
leaf_value=-0.0074244608248494135 0.0055998273559491616 0.0055589177622449651 0.0089396723487475457 -0.022637699557520204 0.030271728528265349 -0.022675665132708328
leaf_weight=59.224884385243058 37.398303434252739 5.3788995388895264 63.775340061634779 6.4144997447729102 12.68175885081291 26.727520039305091
leaf_count=607 162 46 374 30 32 274
internal_value=-8.31056e-11 -0.00295533 0.00106397 0.00802419 0.0123178 -0.0179204
internal_weight=211.601 155.107 123 56.4946 50.0801 32.1064
internal_count=1525 1301 981 224 194 320
is_linear=0
shrinkage=0.03


Tree=37
num_leaves=6
num_cat=0
split_feature=50 25 25 42 45
split_gain=5.34751 6.88969 6.42172 3.98435 3.1083
threshold=0.097473505656920159 0.16903096903096906 0.15821566110397947 -0.019423805361305353 0.91987179487179505
decision_type=2 2 2 2 2
left_child=1 2 -1 -3 -2
right_child=4 3 -4 -5 -6
leaf_value=-0.0017363312761956326 0.00096032199582439049 0.0057718614909335799 0.016738986072299691 -0.032241391090390849 0.028338553386633179
leaf_weight=166.6532104332 6.4844014793634406 2.9787440076470366 17.834271814674139 8.622011471539734 8.0304444283246976
leaf_count=1301 29 19 62 95 19
internal_value=-3.75649e-11 -0.00133492 0.000130279 -0.0227972 0.0169578
internal_weight=210.603 196.088 184.487 11.6008 14.5148
internal_count=1525 1477 1363 114 48
is_linear=0
shrinkage=0.03


Tree=38
num_leaves=7
num_cat=0
split_feature=20 59 28 75 3 84
split_gain=5.17929 10.8394 9.19154 8.09612 6.92918 6.66455
threshold=4.516324041782946 0.62916666666666676 0.80740740740740768 5.3008111373035574 0.57500000000000007 0.9654761904761906
decision_type=2 2 2 2 2 2
left_child=1 2 -1 4 -2 -3
right_child=3 5 -4 -5 -6 -7
leaf_value=-0.0033756341391658596 0.010488438076712424 -0.030038550087143918 0.026057444118533581 -0.015374431484856239 -0.021669509643187417 0.012673330062116519
leaf_weight=75.976142540574074 82.496872711926699 18.193671973422173 9.9014826491475088 14.381048530340193 5.5752159748226395 3.3819082714617243
leaf_count=672 458 205 25 115 35 15
internal_value=-1.44874e-10 -0.00458073 0.0002788 0.00480213 0.00823232 -0.0230788
internal_weight=209.906 107.453 85.8776 102.453 88.0721 21.5756
internal_count=1525 917 697 608 493 220
is_linear=0
shrinkage=0.03


Tree=39
num_leaves=7
num_cat=0
split_feature=46 28 45 82 44 47
split_gain=5.57094 7.70357 6.46818 7.19174 6.19584 5.31854
threshold=-0.02018208015630121 0.67777777777777792 0.34313725490196084 0.18677325581395351 -0.03808667278832633 0.71008403361344541
decision_type=2 2 2 2 2 2
left_child=1 5 -2 -4 -3 -1
right_child=2 4 3 -5 -6 -7
leaf_value=-0.024477661395238954 0.02685684264874209 0.018872178832940595 -0.0013801847040471487 0.017509977236241057 -0.016298891723611427 0.00050532877545892958
leaf_weight=23.15071071125567 8.4909999184310418 12.266979008913042 127.53861408494413 20.125170156359673 5.9189318008720866 11.179314332082866
leaf_count=383 43 58 815 76 50 100
internal_value=1.422e-10 -0.00835999 0.00284683 0.00129483 0.00717224 -0.0165581
internal_weight=208.671 52.5159 156.155 147.664 18.1859 34.33
internal_count=1525 591 934 891 108 483
is_linear=0
shrinkage=0.03


Tree=40
num_leaves=7
num_cat=0
split_feature=75 46 63 59 75 50
split_gain=5.22815 10.3799 8.37654 7.32012 7.31409 5.21238
threshold=4.1190041246092024 -0.010267716499819208 0.62916666666666676 0.13809523809523813 5.3008111373035574 -0.064081407194819959
decision_type=2 2 2 2 2 2
left_child=1 3 -3 -1 5 -2
right_child=4 2 -4 -5 -6 -7
leaf_value=0.0099195875995960539 -0.027305478902445102 0.0064567274493891576 -0.023006191155183393 -0.024250426306859852 -0.014744794126920978 0.0090874294470724686
leaf_weight=6.39302466623485 2.7344492804259053 57.558457098901272 9.2040237896144372 28.430149951949716 14.206330936402081 89.586981877684593
leaf_count=54 34 329 67 428 115 498
internal_value=4.87594e-11 -0.0048449 0.00211533 -0.0178755 0.00462223 0.00772847
internal_weight=208.113 101.586 66.7625 34.8232 106.528 92.3214
internal_count=1525 878 396 482 647 532
is_linear=0
shrinkage=0.03


Tree=41
num_leaves=5
num_cat=0
split_feature=77 29 4 46
split_gain=5.30799 5.5707 8.77642 8.45633
threshold=0.23973727422003285 0.73431372549019625 7.5000000000000009 0.055754325500230947
decision_type=2 2 2 2
left_child=1 2 -1 -3
right_child=-2 3 -4 -5
leaf_value=-0.0019438867779672101 0.020123439249564917 0.0091090413930766459 -0.025295618918027153 -0.015519804273492031
leaf_weight=97.710003741085529 10.167072206735609 68.889231227338314 16.049947179853916 14.346438836306332
leaf_count=858 28 321 241 77
internal_value=1.66859e-10 -0.00113497 -0.0054302 0.00473018
internal_weight=207.163 196.996 113.76 83.2357
internal_count=1525 1497 1099 398
is_linear=0
shrinkage=0.03


Tree=42
num_leaves=7
num_cat=0
split_feature=85 64 37 76 25 24
split_gain=4.93076 6.63182 8.33567 6.71051 4.60133 5.61479
threshold=0.32522624434389147 0.46410256410256417 0.10882352941176472 0.45706605222734259 0.26134966181594593 0.47391107078039935
decision_type=2 2 2 2 2 2
left_child=1 3 -3 -1 5 -2
right_child=4 2 -4 -5 -6 -7
leaf_value=-0.024827167468108077 0.0083314079630778543 0.022588632954457975 -0.030046265986193931 0.015981638995795536 0.027778549779526023 -0.003015642484953676
leaf_weight=4.1738454643636933 60.779868548735976 2.4713972173631218 15.753652667626737 11.232443334534763 5.0459051281213751 106.68244559504092
leaf_count=71 449 8 241 84 14 658
internal_value=-6.55112e-11 -0.0103354 -0.022105 0.00408639 0.00206289 0.00112774
internal_weight=206.14 33.6313 18.225 15.4063 172.508 167.462
internal_count=1525 404 249 155 1121 1107
is_linear=0
shrinkage=0.03


Tree=43
num_leaves=7
num_cat=0
split_feature=46 45 78 28 44 47
split_gain=4.82532 6.55526 7.02043 6.53635 6.09931 5.21883
threshold=-0.02018208015630121 0.34313725490196084 0.33974358974358981 0.67777777777777792 -0.03808667278832633 0.71008403361344541
decision_type=2 2 2 2 2 2
left_child=3 -2 -3 5 -5 -1
right_child=1 2 -4 4 -6 -7
leaf_value=-0.023897524413126772 0.026780772438407815 -0.01507961616134839 0.0037045391812319597 0.017816126541192009 -0.01720122751437609 0.0010214988860085359
leaf_weight=21.849314779043198 8.5123999882489425 19.842355310916901 126.30991574004292 12.383074726909401 5.7973198927938929 11.188451541587709
leaf_count=383 43 187 704 58 50 100
internal_value=5.44128e-11 0.00264722 0.00106916 -0.00789149 0.00633523 -0.0156765
internal_weight=205.883 154.665 146.152 51.2182 18.1804 33.0378
internal_count=1525 934 891 591 108 483
is_linear=0
shrinkage=0.03


Tree=44
num_leaves=5
num_cat=0
split_feature=50 75 46 75
split_gain=4.57281 4.42884 9.13279 6.66002
threshold=-0.06831340946783189 4.1190041246092024 -0.010267716499819208 5.3008111373035574
decision_type=2 2 2 2
left_child=-1 2 -2 -3
right_child=1 3 -4 -5
leaf_value=-0.029943217683844427 -0.016746237760114194 0.0079651192439730168 0.0025395111292700746 -0.013691036341164602
leaf_weight=3.4907070863991967 32.123963496647775 89.920187525451183 65.761458482593298 13.94143292494118
leaf_count=49 467 507 388 114
internal_value=-4.22481e-10 0.000663221 -0.00389502 0.00495535
internal_weight=205.238 201.747 97.8854 103.862
internal_count=1525 1476 855 621
is_linear=0
shrinkage=0.03


Tree=45
num_leaves=5
num_cat=0
split_feature=50 64 46 84
split_gain=4.26532 4.34351 6.61823 4.61203
threshold=-0.06831340946783189 0.23431372549019611 -0.02018208015630121 0.57793522267206487
decision_type=2 2 2 2
left_child=-1 3 -3 -2
right_child=1 2 -4 -5
leaf_value=-0.029319005059556175 -0.0026710118633276984 -0.013391341953006168 0.0015038326974983072 0.016898683572063165
leaf_weight=3.3713245047256342 17.954460948705673 33.152452495880425 124.78308678604662 25.450634688138962
leaf_count=49 164 438 755 119
internal_value=-1.00421e-10 0.000633402 -0.00168742 0.00892585
internal_weight=204.712 201.341 157.936 43.4051
internal_count=1525 1476 1193 283
is_linear=0
shrinkage=0.03


Tree=46
num_leaves=6
num_cat=0
split_feature=50 25 47 83 0
split_gain=4.22007 6.27689 6.28443 4.26279 3.05902
threshold=0.097473505656920159 0.16903096903096906 0.79289215686274528 0.15587044534412961 15.500000000000002
decision_type=2 2 2 2 2
left_child=1 2 -1 -3 -2
right_child=4 3 -4 -5 -6
leaf_value=-0.0033323542807603599 0.02980632772418761 0.015639652551032383 0.0089613457930555872 -0.02960138597075903 0.001884822527851249
leaf_weight=128.39472753182054 6.0420015975832921 1.6263373568654049 51.651739902794361 9.3845523409545404 7.3745592162013054
leaf_count=1109 15 5 254 109 33
internal_value=3.72236e-12 -0.00117507 0.00022448 -0.0221734 0.0156543
internal_weight=204.474 191.057 180.046 11.0109 13.4166
internal_count=1525 1477 1363 114 48
is_linear=0
shrinkage=0.03


Tree=47
num_leaves=7
num_cat=0
split_feature=23 29 64 23 2 47
split_gain=4.30741 10.5867 6.09885 5.0981 10.1518 6.23393
threshold=3.9981586158983733 0.93095238095238109 0.12132352941176473 3.1984648276080736 0.51666666666666672 0.9654761904761906
decision_type=2 2 2 2 2 2
left_child=3 2 -2 5 -5 -1
right_child=1 -3 -4 4 -6 -7
leaf_value=-0.00023628118100801131 0.0084439809587481783 0.015773218459949719 -0.021951989025326038 0.015597452718708651 -0.010318139121808996 -0.032736151456760613
leaf_weight=85.013743014074862 6.8651257865130892 11.871753349900244 28.512030925601721 48.960562862455845 17.900287911295891 4.6668978221714488
leaf_count=687 51 40 297 273 142 35
internal_value=1.64527e-10 -0.00784279 -0.0159835 0.00240194 0.00860941 -0.0022699
internal_weight=203.79 47.2489 35.3772 156.541 66.8609 89.6806
internal_count=1525 388 348 1137 415 722
is_linear=0
shrinkage=0.03


Tree=48
num_leaves=5
num_cat=0
split_feature=50 78 81 75
split_gain=4.4486 4.62374 9.33515 4.77314
threshold=-0.06831340946783189 0.39230769230769236 0.45961478720099419 5.2284276452838947
decision_type=2 2 2 2
left_child=-1 2 -2 -3
right_child=1 3 -4 -5
leaf_value=-0.02962381118102755 0.0071158290069459305 0.0052265081898623571 -0.017631545047015282 -0.012933266783068506
leaf_weight=3.4624919630587092 23.807601657696068 131.16478609759361 30.059291549026966 13.494995441287754
leaf_count=49 236 817 314 109
internal_value=1.378e-10 0.000662548 -0.00676358 0.00345526
internal_weight=201.989 198.527 53.8669 144.66
internal_count=1525 1476 550 926
is_linear=0
shrinkage=0.03


Tree=49
num_leaves=7
num_cat=0
split_feature=75 59 28 75 25 23
split_gain=3.99999 7.98645 8.66395 5.71082 5.67968 4.99178
threshold=4.1190041246092024 0.62916666666666676 0.80740740740740768 5.3008111373035574 0.16060405643738981 1.8688348091416842
decision_type=2 2 2 2 2 2
left_child=1 2 -1 5 -5 -2
right_child=3 -3 -4 4 -6 -7
leaf_value=-0.0039668435879698484 -0.026829540280036087 -0.021962633300109505 0.025212893480608782 -0.024918837412884778 0.015569108189702356 0.0081278473872038962
leaf_weight=69.852533619850874 2.8739943262189618 17.765100436285138 9.5173394083976728 9.7237119283527118 3.6105307452380648 88.494477232918143
leaf_count=657 25 196 25 100 15 507
internal_value=1.92583e-11 -0.00436154 -0.000197691 0.00404928 -0.0136345 0.00674971
internal_weight=201.838 97.135 79.3699 104.703 13.3342 91.3685
internal_count=1525 878 682 647 115 532
is_linear=0
shrinkage=0.03


Tree=50
num_leaves=5
num_cat=0
split_feature=77 37 76 76
split_gain=4.39084 4.17004 6.37525 5.02441
threshold=0.23973727422003285 0.16025641025641027 0.48604620976116308 0.47162141432735089
decision_type=2 2 2 2
left_child=1 3 -3 -1
right_child=-2 2 -4 -5
leaf_value=0.025860595620163768 0.018971683679953132 -0.0087759328567016889 0.0026104793173717051 -0.0119561913832615
leaf_weight=9.2732130065560323 9.417975999414919 76.118464390747249 103.06615493167192 3.8672689236700526
leaf_count=46 28 753 669 29
internal_value=1.64473e-10 -0.00102235 -0.00224838 0.0146726
internal_weight=201.743 192.325 179.185 13.1405
internal_count=1525 1497 1422 75
is_linear=0
shrinkage=0.03


Tree=51
num_leaves=7
num_cat=0
split_feature=59 24 87 50 49 28
split_gain=4.25867 10.0851 14.0564 10.3177 6.9933 4.66491
threshold=0.60769230769230786 0.47515432098765437 0.51254901960784327 0.097473505656920159 0.085784313725490238 0.69907407407407418
decision_type=2 2 2 2 2 2
left_child=4 2 -2 -3 -1 -6
right_child=1 3 -4 -5 5 -7
leaf_value=-0.018309962894684093 -0.028852940728249839 -0.024249364996372473 0.020106419152908617 0.016557316704439023 0.0012420619854013747 0.013717580214670422
leaf_weight=11.839131563901899 6.1750835403800037 28.869330178946257 19.293678686022758 6.1094693318009368 92.237803362309933 37.262181203812361
leaf_count=152 119 243 68 22 778 143
internal_value=2.15994e-10 -0.00660055 0.00759427 -0.0168599 0.00284945 0.00490936
internal_weight=201.787 60.4476 25.4688 34.9788 141.339 129.5
internal_count=1525 452 187 265 1073 921
is_linear=0
shrinkage=0.03


Tree=52
num_leaves=6
num_cat=0
split_feature=50 25 24 49 47
split_gain=4.18881 5.33968 5.28894 3.88523 3.31949
threshold=0.097473505656920159 0.16985214569058785 0.64218328840970362 0.91987179487179505 0.84954751131221728
decision_type=2 2 2 2 2
left_child=1 2 -1 -3 -2
right_child=4 3 -4 -5 -6
leaf_value=-0.0011971956254949647 0.031624478129187165 -0.0020205177054908353 0.020734304609179938 -0.037611365254510275 0.0021531755145295321
leaf_weight=166.93275972642004 5.4521001987159234 5.3078385703265649 9.5160717554390413 5.0365220028907061 7.7069541253149509
leaf_count=1334 14 45 33 65 34
internal_value=1.90919e-10 -0.00118637 9.57745e-05 -0.0211371 0.0157349
internal_weight=199.952 186.793 176.449 10.3444 13.1591
internal_count=1525 1477 1367 110 48
is_linear=0
shrinkage=0.03


Tree=53
num_leaves=7
num_cat=0
split_feature=75 46 63 59 25 82
split_gain=3.98485 7.06274 7.84218 5.31275 5.27588 10.8566
threshold=4.1190041246092024 -0.010267716499819208 0.62916666666666676 0.21538461538461537 0.11948410123296561 0.14946808510638301
decision_type=2 2 2 2 2 2
left_child=1 3 -3 -1 -2 -6
right_child=4 2 -4 -5 5 -7
leaf_value=0.004532871531031578 0.0094664244305283831 0.0056220968255654381 -0.023561463189562898 -0.022817589228446167 -0.026043432179215936 0.0062306524616376289
leaf_weight=8.2662834115326422 62.755857475101948 55.560382945463061 8.7127157039940339 23.372634632512927 12.84975843131542 28.232090670615435
leaf_count=87 398 329 67 395 111 138
internal_value=1.13464e-10 -0.00438521 0.00136568 -0.0157518 0.00405369 -0.00424317
internal_weight=199.75 95.912 64.2731 31.6389 103.838 41.0818
internal_count=1525 878 396 482 647 249
is_linear=0
shrinkage=0.03


Tree=54
num_leaves=7
num_cat=0
split_feature=85 47 20 24 77 69
split_gain=4.08475 6.47326 7.96709 6.90311 5.40382 8.18305
threshold=0.63397435897435905 0.78869047619047628 4.7405652883788738 0.50539881574364343 0.10266545049153745 0.51315789473684226
decision_type=2 2 2 2 2 2
left_child=1 3 -3 -1 -2 -6
right_child=4 2 -4 -5 5 -7
leaf_value=-0.0045837004257383651 0.012295934145701536 0.016688503460252569 -0.013022085936096547 -0.028480219459478696 -0.013324074018873734 0.010607488541063449
leaf_weight=59.927985600195825 42.659454610198736 22.735722407698631 11.462096709758042 12.45405383966863 26.421482529491186 23.242395829409361
leaf_count=692 233 119 83 170 133 95
internal_value=1.74489e-11 -0.00398419 0.00664334 -0.00902741 0.00459284 -0.00213594
internal_weight=198.903 106.58 34.1978 72.382 92.3233 49.6639
internal_count=1525 1064 202 862 461 228
is_linear=0
shrinkage=0.03


Tree=55
num_leaves=7
num_cat=0
split_feature=4 39 22 37 51 28
split_gain=3.79586 5.61444 4.29529 6.02723 2.39686 1.32232
threshold=8.5000000000000018 0.81071428571428583 0.21039136302294201 0.16025641025641027 2.9700856263602158 0.60555555555555574
decision_type=2 2 2 2 2 2
left_child=2 5 3 -1 -4 -2
right_child=1 -3 4 -5 -6 -7
leaf_value=0.019329526728607455 -0.031040896880110136 0.014551558834591815 0.028742032602920957 -0.0019786375821377994 0.0056638198076644185 0.00052828334207510516
leaf_weight=11.923082809895275 7.8127075638622028 3.4222017936408511 6.0757958143949535 157.27480614278466 10.999897845089434 1.3429982177913187
leaf_count=59 122 16 16 1254 48 10
internal_value=-2.11521e-10 -0.0153165 0.0011105 -0.00037234 0.0150112 -0.0268141
internal_weight=198.851 12.5779 186.274 169.198 17.0757 9.15571
internal_count=1525 148 1377 1313 64 132
is_linear=0
shrinkage=0.03


Tree=56
num_leaves=7
num_cat=0
split_feature=75 46 63 36 28 36
split_gain=3.80464 6.49895 7.06236 5.01209 8.55889 7.5229
threshold=4.1190041246092024 -0.010267716499819208 0.62916666666666676 0.082024930935292686 0.40370370370370384 -0.015160183464411446
decision_type=2 2 2 2 2 2
left_child=1 -1 -3 5 -5 -2
right_child=3 2 -4 4 -6 -7
leaf_value=-0.015309045243515633 0.002723170035516169 0.0051613979931940859 -0.023174423679779833 0.035362077154254663 0.0045352963931803497 -0.026827420837946526
leaf_weight=31.157055038027465 36.516559006646276 55.580975586548448 8.2064573075622302 8.8099612183868867 49.120939403772354 8.7947055008262378
leaf_count=482 288 329 67 29 241 89
internal_value=-7.436e-11 -0.00431094 0.00121447 0.00396779 0.00974385 -0.0034679
internal_weight=198.187 94.9445 63.7874 103.242 57.9309 45.3113
internal_count=1525 878 396 647 270 377
is_linear=0
shrinkage=0.03


Tree=57
num_leaves=7
num_cat=0
split_feature=29 4 78 41 31 23
split_gain=4.41675 8.02749 5.75624 5.58216 6.9861 2.12052
threshold=0.72380952380952401 7.5000000000000009 0.46410256410256417 0.162280701754386 0.48684210526315796 2.524928003624769
decision_type=2 2 2 2 2 2
left_child=1 2 -1 -2 -5 -3
right_child=3 5 -4 4 -6 -7
leaf_value=-0.01101519891510851 0.026805837459274368 -0.009232764870941098 0.0045789076357509928 -0.0051906107106118992 0.01258507701575084 -0.033070539808583994
leaf_weight=31.011950335465372 8.4282860495150072 6.8919669147580853 62.703999393619597 46.125483984127641 33.493398986756802 8.3266454115509969
leaf_count=388 30 90 449 283 137 148
internal_value=-1.89633e-12 -0.00402262 -0.000643221 0.00496619 0.00235047 -0.0235101
internal_weight=196.982 108.935 93.7159 88.0472 79.6189 15.2186
internal_count=1525 1075 837 450 420 238
is_linear=0
shrinkage=0.03


Tree=58
num_leaves=7
num_cat=0
split_feature=85 47 48 42 24 64
split_gain=4.08311 6.16049 7.24598 6.64746 5.08921 5.54196
threshold=0.63397435897435905 0.78869047619047628 0.075789217012471918 -0.002309149184149185 0.46190130624092895 0.23205128205128203
decision_type=2 2 2 2 2 2
left_child=1 3 -3 -1 -2 -6
right_child=4 2 -4 -5 5 -7
leaf_value=-0.0024802374868683314 0.014970633749203497 0.021539102242571013 -0.0056008257583625883 -0.02179067764582544 0.016591490964375108 -0.0048833073530069977
leaf_weight=48.649200156331062 28.293375391513109 14.761762790381907 19.482449783012271 23.166580803692341 12.821114439517258 48.736950106918812
leaf_count=527 135 62 140 335 56 270
internal_value=4.25786e-10 -0.00396948 0.00637766 -0.00892318 0.00467766 -0.000216885
internal_weight=195.911 106.06 34.2442 71.8158 89.8514 61.5581
internal_count=1525 1064 202 862 461 326
is_linear=0
shrinkage=0.03


Tree=59
num_leaves=7
num_cat=0
split_feature=85 47 24 48 36 25
split_gain=3.93426 5.22033 6.6976 6.56805 4.98223 6.0143
threshold=0.63397435897435905 0.78869047619047628 0.50539881574364343 0.075789217012471918 0.23241483423206119 0.12064633512389535
decision_type=2 2 2 2 2 2
left_child=1 2 -1 -3 -2 -6
right_child=4 3 -4 -5 5 -7
leaf_value=-0.0040910970829300241 0.010477490955275901 0.020132831606750057 -0.02781462673181697 -0.0057755517108323724 0.0058645521297403585 -0.018297855749183852
leaf_weight=59.174559292383492 52.362804310396314 14.670092977583407 12.216355154290794 19.348233006894588 22.520897626876831 14.369067311286924
leaf_count=692 250 62 170 140 117 94
internal_value=-1.27848e-10 -0.00390781 -0.0084788 0.00565307 0.00460736 -0.00378151
internal_weight=194.662 105.409 71.3909 34.0183 89.2528 36.89
internal_count=1525 1064 862 202 461 211
is_linear=0
shrinkage=0.03


Tree=60
num_leaves=6
num_cat=0
split_feature=50 25 75 48 0
split_gain=4.63283 4.9854 4.55715 3.98527 3.11227
threshold=0.097473505656920159 0.16985214569058785 4.1190041246092024 0.010869310300881703 15.500000000000002
decision_type=2 2 2 2 2
left_child=1 2 -1 -3 -2
right_child=4 3 -4 -5 -6
leaf_value=-0.0052202087801094489 0.030280492167366144 0.0047322367048023692 0.0045540767892856783 -0.032913802123892749 0.001930844445847074
leaf_weight=79.759960059076548 6.2388870269060117 3.4457425698637945 90.650031536817551 6.64070188626647 7.0025620646774769
leaf_count=791 15 29 576 81 33
internal_value=-2.59794e-10 -0.00129286 -2.45177e-05 -0.0207863 0.0164765
internal_weight=193.738 180.496 170.41 10.0864 13.2414
internal_count=1525 1477 1367 110 48
is_linear=0
shrinkage=0.03


Tree=61
num_leaves=6
num_cat=0
split_feature=50 25 75 83 0
split_gain=4.04505 3.76296 3.97477 3.34115 2.66591
threshold=0.097473505656920159 0.16985214569058785 4.0163424379838117 0.15587044534412961 15.500000000000002
decision_type=2 2 2 2 2
left_child=1 2 -1 -3 -2
right_child=4 3 -4 -5 -6
leaf_value=-0.0052659182183341403 0.028577214194730388 0.014136869279724375 0.0039133724649364375 -0.026165387745211297 0.0021331901864960136
leaf_weight=74.800128474831581 6.0292173102498037 1.6509715169668178 95.513350872322917 7.9450074937194586 7.0453522391617298
leaf_count=758 15 5 609 105 33
internal_value=-1.24767e-10 -0.00120523 -0.000125294 -0.0185517 0.0154916
internal_weight=192.984 179.909 170.313 9.59598 13.0746
internal_count=1525 1477 1367 110 48
is_linear=0
shrinkage=0.03


Tree=62
num_leaves=7
num_cat=0
split_feature=4 87 22 86 49 39
split_gain=3.41809 4.39271 3.98921 5.39527 2.24675 1.23901
threshold=8.5000000000000018 0.78117647058823547 0.21039136302294201 0.79732142857142874 0.79705882352941193 0.79705882352941193
decision_type=2 2 2 2 2 2
left_child=2 5 3 -1 -4 -2
right_child=1 -3 4 -5 -6 -7
leaf_value=0.00097521879552023673 -0.028357237914184524 0.01594575547075119 0.0023163292711620518 -0.021515764001118383 0.024151165331162044 0.0016797307620667287
leaf_weight=154.96841452736408 7.7812366681173426 2.4549781382083884 7.8690851964056518 9.229207653552292 8.8329243548214418 1.3128535263240335
leaf_count=1244 127 11 37 69 27 10
internal_value=2.78094e-11 -0.0151433 0.00104472 -0.000411543 0.0145758 -0.0242842
internal_weight=192.449 11.5491 180.9 164.198 16.702 9.09409
internal_count=1525 148 1377 1313 64 137
is_linear=0
shrinkage=0.03


Tree=63
num_leaves=7
num_cat=0
split_feature=85 47 24 48 24 75
split_gain=3.46454 5.27483 6.31422 6.22859 3.51378 4.51476
threshold=0.63397435897435905 0.78869047619047628 0.47864741641337394 0.075789217012471918 0.46190130624092895 3.6242520361853052
decision_type=2 2 2 2 2 2
left_child=1 2 -1 -3 5 -2
right_child=4 3 -4 -5 -6 -7
leaf_value=-0.0015556175455765364 -0.0086023613245164218 0.01984551364318508 -0.020147777022111828 -0.0054672917076404514 0.00019376674528836453 0.019164375492237543
leaf_weight=45.569283816032112 6.2111706938594606 14.870653677731751 24.884577887132764 18.76733460649848 59.493600761517882 21.822795674204826
leaf_count=528 56 62 334 140 326 79
internal_value=-1.59522e-10 -0.00368319 -0.00831251 0.00597285 0.00437235 0.012928
internal_weight=191.619 104.092 70.4539 33.638 87.5276 28.034
internal_count=1525 1064 862 202 461 135
is_linear=0
shrinkage=0.03


Tree=64
num_leaves=7
num_cat=0
split_feature=75 20 63 47 25 59
split_gain=3.48923 5.37244 7.65094 5.59056 4.89086 2.53491
threshold=5.3008111373035574 4.516324041782946 0.62916666666666676 0.33974358974358981 0.16060405643738981 0.41987179487179493
decision_type=2 2 2 2 2 2
left_child=1 2 -1 -3 5 -2
right_child=4 3 -4 -5 -6 -7
leaf_value=4.6613943922618373e-06 -0.0044461711739673376 0.016240223527845283 -0.022948777310290682 0.00034799305107379688 0.01465969041569141 -0.035939431973377844
leaf_weight=81.302588898688555 3.9975694902241212 32.252293737605214 14.572881331667302 49.806087238714099 3.1586360968649378 5.6627136133611202
leaf_count=750 40 177 167 316 15 60
internal_value=1.72872e-10 0.0011217 -0.00368509 0.00671461 -0.0145243 -0.0245466
internal_weight=190.753 177.934 95.8755 82.0584 12.8189 9.66028
internal_count=1525 1410 917 493 115 100
is_linear=0
shrinkage=0.03


Tree=65
num_leaves=7
num_cat=0
split_feature=85 64 76 38 40 42
split_gain=3.49087 6.33502 5.62657 5.10125 3.57235 4.22793
threshold=0.32522624434389147 0.46410256410256417 0.45706605222734259 -0.2146176633242958 -0.048040501165501175 -0.02227494727494728
decision_type=2 2 2 2 2 2
left_child=1 2 -1 -3 -2 -6
right_child=4 3 -4 -5 5 -7
leaf_value=-0.022917583480732574 0.016369646012376015 0.013135989743862471 0.014889745907414431 -0.02848909370243416 -0.015156458589105545 0.0020994423182536751
leaf_weight=3.9270251318812361 12.901226634159682 2.6148343328386536 11.79075165465474 13.676402063108982 13.135129291564224 132.26291765272617
leaf_count=71 79 15 84 234 128 914
internal_value=1.65264e-10 -0.00887932 0.00463791 -0.0214347 0.00183992 0.000447679
internal_weight=190.308 32.009 15.7178 16.2912 158.299 145.398
internal_count=1525 404 155 249 1121 1042
is_linear=0
shrinkage=0.03


Tree=66
num_leaves=7
num_cat=0
split_feature=29 4 28 41 31 68
split_gain=3.46086 6.11626 5.57362 4.25805 6.47188 4.08221
threshold=0.72380952380952401 7.5000000000000009 0.43333333333333351 0.162280701754386 0.48684210526315796 0.93095238095238109
decision_type=2 2 2 2 2 2
left_child=1 2 -1 -2 -5 -3
right_child=3 5 -4 4 -6 -7
leaf_value=0.0084283135508527868 0.024088851903996542 -0.02561323475037269 -0.0066134451806406412 -0.0051532235010399406 0.012317694890895363 0.020726049596024771
leaf_weight=35.974606259725988 7.9468512758612624 13.627821816131471 54.384868999943137 44.710088128224015 31.803753279149532 1.1849494203925122
leaf_count=340 30 231 497 283 137 7
internal_value=7.96293e-11 -0.00361706 -0.0005982 0.00449366 0.00217396 -0.02083
internal_weight=189.633 105.172 90.3595 84.4607 76.5138 14.8128
internal_count=1525 1075 837 450 420 238
is_linear=0
shrinkage=0.03


Tree=67
num_leaves=6
num_cat=0
split_feature=41 75 46 23 75
split_gain=3.42272 3.701 6.74746 4.75392 0.876509
threshold=0.052564102564102551 4.1190041246092024 -0.010267716499819208 1.8688348091416842 4.135134555718313
decision_type=2 2 2 2 2
left_child=4 2 -2 -3 -1
right_child=1 3 -4 -5 -6
leaf_value=-0.005848849531829182 -0.015420349150278649 -0.028309311280736823 0.0021287035138671641 0.006094275099520082 -0.030696239826120932
leaf_weight=2.7792296689003697 28.417251829057932 2.7803346794098607 59.208846803754568 93.012021763250232 2.8556782677769661
leaf_count=32 462 28 384 584 35
internal_value=-1.51883e-10 0.000761632 -0.00367225 0.00481357 -0.0211697
internal_weight=189.053 183.418 87.6261 95.7924 5.63491
internal_count=1525 1458 846 612 67
is_linear=0
shrinkage=0.03


Tree=68
num_leaves=7
num_cat=0
split_feature=85 47 20 24 36 78
split_gain=3.20829 4.88299 6.59043 5.62491 3.78983 5.9834
threshold=0.63397435897435905 0.78869047619047628 4.7405652883788738 0.50539881574364343 -0.0019841269841269766 0.26568627450980398
decision_type=2 2 2 2 2 2
left_child=1 3 -3 -1 -2 -6
right_child=4 2 -4 -5 5 -7
leaf_value=-0.0040713533524063192 0.018828437261473215 0.014867079260889439 -0.012723863514857128 -0.026502322519636207 -0.019906911970899346 0.0048658237294160094
leaf_weight=58.110199621878564 12.565452175214885 22.390076687559485 10.779920179396866 11.310349889099596 9.1521736010909063 63.888812392950058
leaf_count=692 48 119 83 170 82 331
internal_value=9.03864e-11 -0.00356264 0.00579034 -0.00805037 0.00426129 0.00153481
internal_weight=188.197 102.591 33.17 69.4205 85.6064 73.041
internal_count=1525 1064 202 862 461 413
is_linear=0
shrinkage=0.03


Tree=69
num_leaves=5
num_cat=0
split_feature=50 4 86 87
split_gain=3.33787 3.1937 3.76299 3.7437
threshold=-0.06831340946783189 8.5000000000000018 0.79732142857142874 0.78117647058823547
decision_type=2 2 2 2
left_child=-1 2 -2 -3
right_child=1 3 -4 -5
leaf_value=-0.026615041889338852 0.0027670259911690824 -0.023168650450362271 -0.015023493371682396 0.014659218933489584
leaf_weight=3.1482086777687064 163.2791604520753 8.5559041984379274 10.455274339765309 2.3655042089521876
leaf_count=49 1253 133 79 11
internal_value=-1.06728e-10 0.000594674 0.00161655 -0.014433
internal_weight=187.804 184.656 173.734 10.9214
internal_count=1525 1476 1332 144
is_linear=0
shrinkage=0.03


Tree=70
num_leaves=7
num_cat=0
split_feature=22 46 82 84 49 13
split_gain=3.0921 4.72111 7.16396 6.19151 2.17545 3.11092
threshold=0.21039136302294201 0.057993795326296588 0.19868421052631582 0.9654761904761906 0.79705882352941193 1.0000000180025095e-35
decision_type=2 2 2 2 2 2
left_child=1 3 -3 -1 5 -2
right_child=4 2 -4 -5 -6 -7
leaf_value=0.0020613583418389496 0.015617567256601933 -0.024059445086052761 0.016258492821760152 -0.024382417520872734 0.021490825543440218 -0.017499601658985883
leaf_weight=143.28633769415319 4.5719919167459029 15.346086174249651 4.458760328590869 7.4352106004953376 8.6883441358804685 3.7121052145957947
leaf_count=1244 19 123 16 70 28 25
internal_value=-1.06474e-10 -0.00124046 -0.0146373 0.000604759 0.0118388 0.00049127
internal_weight=187.499 170.526 19.8048 150.722 16.9724 8.2841
internal_count=1525 1453 139 1314 72 44
is_linear=0
shrinkage=0.03


Tree=71
num_leaves=7
num_cat=0
split_feature=77 85 20 36 21 48
split_gain=3.03399 3.15234 4.80321 3.94108 2.48954 0.140613
threshold=0.047847985347985351 0.63397435897435905 1.4978661367769956 0.23241483423206119 0.34941860465116287 0.064733320344094278
decision_type=2 2 2 2 2 2
left_child=4 2 -2 -3 -1 -6
right_child=1 3 -4 -5 5 -7
leaf_value=0.0086643146749114195 -0.025492138342638821 0.010424040793221914 -0.00094770226840491703 -0.0027301589738189407 -0.033234358442645606 -0.0082959299742823654
leaf_weight=1.6098083611577738 6.7991446368396273 48.629001822322607 90.979389823041856 34.342295378446579 3.2173310918733478 1.0866387039422987
leaf_count=24 102 236 887 203 61 12
internal_value=1.78815e-11 0.000742002 -0.00289522 0.00501177 -0.0195058 -0.0296893
internal_weight=186.664 180.75 97.7785 82.9713 5.91378 4.30397
internal_count=1525 1428 989 439 97 73
is_linear=0
shrinkage=0.03


Tree=72
num_leaves=7
num_cat=0
split_feature=75 29 85 28 84 86
split_gain=3.06258 7.00171 4.68581 7.14548 4.66397 3.07101
threshold=4.0163424379838117 0.98529411764705899 0.11715686274509805 0.40370370370370384 0.61651583710407254 0.51001602564102577
decision_type=2 2 2 2 2 2
left_child=1 4 -2 -4 -1 -3
right_child=2 5 3 -5 -6 -7
leaf_value=-0.015068664074357972 -0.029816217110724255 0.032422349607674102 0.020753712803617444 0.00067494375342242049 8.4988586224523087e-05 0.0025848351767245831
leaf_weight=36.890487089753151 2.6875838451087466 4.8173532336950284 18.918173963204026 80.463073652237654 35.296176720410585 7.0673409625887871
leaf_count=515 40 11 123 520 282 34
internal_value=1.99686e-12 -0.00421304 0.00347738 0.0046658 -0.00775926 0.0162569
internal_weight=186.14 84.0714 102.069 99.3812 72.1867 11.8847
internal_count=1525 842 683 643 797 45
is_linear=0
shrinkage=0.03


Tree=73
num_leaves=6
num_cat=0
split_feature=75 28 84 85 28
split_gain=3.01284 6.38869 4.76751 3.77761 5.50125
threshold=4.0163424379838117 0.80740740740740768 0.61651583710407254 0.11715686274509805 0.40370370370370384
decision_type=2 2 2 2 2
left_child=1 2 -1 -2 -5
right_child=3 -3 -4 4 -6
leaf_value=-0.014415219231532718 -0.027350943726293361 0.018476701866749004 0.00063414136211455857 0.018703430828909968 0.00099890787113190733
leaf_weight=38.022261729463935 2.4804914519190779 8.9637263193726522 36.665147978812456 18.704282537102699 80.278462147340178
leaf_count=524 40 33 285 123 520
internal_value=1.41876e-10 -0.00418816 -0.0071165 0.0034601 0.00449805
internal_weight=185.114 83.6511 74.6874 101.463 98.9827
internal_count=1525 842 809 683 643
is_linear=0
shrinkage=0.03


Tree=74
num_leaves=7
num_cat=0
split_feature=75 28 59 75 35 20
split_gain=2.90493 4.58318 4.4022 3.58764 3.69438 3.56019
threshold=4.1190041246092024 0.38333333333333347 0.62916666666666676 5.3008111373035574 0.22252747252747254 5.6559856980141374
decision_type=2 2 2 2 2 2
left_child=1 -1 -3 4 -2 -5
right_child=3 2 -4 5 -6 -7
leaf_value=-0.017822789308162602 -0.0097937664837069605 0.0031299301105048266 -0.015169996558580132 -0.029193743957818399 0.0081817042182736333 0.0023332294170927761
leaf_weight=16.225905460305512 11.068529929965733 57.581515559926629 13.826210404746233 4.6248470302671176 73.771749295294285 7.2364629656076431
leaf_count=276 109 452 150 62 423 53
internal_value=-4.66516e-11 -0.00393272 -0.000573938 0.00356771 0.00574979 -0.0112736
internal_weight=184.335 87.6336 71.4077 96.7016 84.8403 11.8613
internal_count=1525 878 602 647 532 115
is_linear=0
shrinkage=0.03


Tree=75
num_leaves=5
num_cat=0
split_feature=77 79 29 25
split_gain=2.85759 3.52895 3.78134 2.17966
threshold=0.23973727422003285 0.98529411764705899 0.73431372549019625 0.10029585798816569
decision_type=2 2 2 2
left_child=1 2 -1 -3
right_child=-2 3 -4 -5
leaf_value=-0.003580749996596621 0.016535003380027835 -0.033805504871556737 0.0055609055117653225 -0.0059369369465649647
leaf_weight=95.189869849011302 7.9526364952325812 3.3330135159194452 69.624040208756924 7.3972409702837467
leaf_count=1054 28 30 371 42
internal_value=7.23468e-11 -0.000838498 0.000291301 -0.0167374
internal_weight=183.497 175.544 164.814 10.7303
internal_count=1525 1497 1425 72
is_linear=0
shrinkage=0.03


Tree=76
num_leaves=5
num_cat=0
split_feature=50 20 63 47
split_gain=2.75604 2.85105 6.78987 5.80709
threshold=-0.06831340946783189 4.516324041782946 0.62916666666666676 0.33974358974358981
decision_type=2 2 2 2
left_child=-1 2 -2 -3
right_child=1 3 -4 -5
leaf_value=-0.024578839755193104 0.00035499920297183866 0.014305990184600558 -0.021977601447274103 -0.0014479219000686637
leaf_weight=3.0168073866516343 77.276222857646644 32.202211296185851 13.55452999845147 57.135984899476171
leaf_count=49 731 181 162 402
internal_value=8.29381e-11 0.000544953 -0.0031807 0.00432612
internal_weight=183.186 180.169 90.8308 89.3382
internal_count=1525 1476 893 583
is_linear=0
shrinkage=0.03


Tree=77
num_leaves=7
num_cat=0
split_feature=37 76 31 29 76 51
split_gain=2.92586 5.17482 5.94416 4.10387 4.07677 1.08355
threshold=0.16025641025641027 0.48604620976116308 0.074175824175824148 0.61126373626373642 0.47195505617977535 3.9981586158983733
decision_type=2 2 2 2 2 2
left_child=4 2 -2 -3 5 -1
right_child=1 3 -4 -5 -6 -7
leaf_value=0.0095899842430595111 -0.019847284580873731 -0.0038764967715289645 -0.0012660411994169186 0.008341625607247145 -0.012562487249501231 0.032803262113108966
leaf_weight=4.432628949172793 21.838150970637798 41.305412680841982 48.658182185143232 59.020801709964871 3.2327503040432921 4.5038851425051689
leaf_count=37 303 390 450 304 30 11
internal_value=8.67008e-11 -0.00104451 -0.00721918 0.00332268 0.013628 0.0234131
internal_weight=182.992 170.823 70.4963 100.326 12.1693 8.93651
internal_count=1525 1447 753 694 78 48
is_linear=0
shrinkage=0.03


Tree=78
num_leaves=7
num_cat=0
split_feature=4 87 37 43 28 23
split_gain=2.83596 3.26687 3.05709 4.79167 1.57922 0.0198953
threshold=8.5000000000000018 0.59372549019607856 0.16025641025641027 0.074175824175824148 0.43333333333333351 0.89587973461402759
decision_type=2 2 2 2 2 2
left_child=2 5 4 -4 -1 -2
right_child=1 -3 3 -5 -6 -7
leaf_value=0.026623176753084243 -0.0097418126039477311 0.003450774261618952 -0.020119917498261659 0.0011963439421995277 0.0042469047004389509 -0.030606479179828543
leaf_weight=4.924626434221862 1.2954545747488717 4.9767270907759666 9.1230228608474118 151.00150396488607 6.333228463307023 4.4011449124664068
leaf_count=20 16 35 141 1173 43 97
internal_value=6.15096e-11 -0.0143102 0.000969053 -0.000135475 0.0154086 -0.028025
internal_weight=182.056 10.6733 171.382 160.125 11.2579 5.6966
internal_count=1525 148 1377 1314 63 113
is_linear=0
shrinkage=0.03


Tree=79
num_leaves=5
num_cat=0
split_feature=50 4 84 37
split_gain=2.59429 2.68714 3.06353 2.88955
threshold=-0.06831340946783189 8.5000000000000018 0.81174089068825916 0.16025641025641027
decision_type=2 2 2 2
left_child=-1 3 -3 -2
right_child=1 2 -4 -5
leaf_value=-0.024448700691313871 0.015719159961982407 -0.024676122436786033 0.0068636546835930063 0.00038686412868951591
leaf_weight=2.8247229270637026 10.904208319261668 6.6099523566663247 3.7964150402694941 157.32062985468656
leaf_count=49 57 116 28 1275
internal_value=2.28586e-10 0.000520564 -0.0135769 0.00146771
internal_weight=181.456 178.631 10.4064 168.225
internal_count=1525 1476 144 1332
is_linear=0
shrinkage=0.03


Tree=80
num_leaves=7
num_cat=0
split_feature=49 51 59 28 68 78
split_gain=2.54051 5.30758 3.56665 4.996 4.33783 2.1143
threshold=0.085784313725490238 3.7726948748059121 0.60769230769230786 0.80740740740740768 0.48333333333333339 0.79289215686274528
decision_type=2 2 2 2 2 2
left_child=1 5 3 -2 -4 -1
right_child=2 -3 4 -5 -6 -7
leaf_value=-0.027078936476582598 0.0018219653839391795 0.018832422341708469 0.0065195758960223437 0.022164587090954018 -0.011844433980444836 0.0025354839924216061
leaf_weight=8.9140152744948846 105.80599687062204 3.1677712425589553 16.846448936499655 11.142007440328596 32.699671432375908 2.5711662825196973
leaf_count=145 885 16 127 36 292 24
internal_value=1.57561e-10 -0.011558 0.00108014 0.00393156 -0.00559493 -0.0207771
internal_weight=181.147 14.653 166.494 116.948 49.5461 11.4852
internal_count=1525 185 1340 921 419 169
is_linear=0
shrinkage=0.03


Tree=81
num_leaves=7
num_cat=0
split_feature=4 84 37 76 51 23
split_gain=2.37469 2.65495 2.61007 4.11395 1.5378 0.447496
threshold=8.5000000000000018 0.81174089068825916 0.16025641025641027 0.49096352749047362 3.9981586158983733 0.89587973461402759
decision_type=2 2 2 2 2 2
left_child=2 5 4 -4 -1 -2
right_child=1 -3 3 -5 -6 -7
leaf_value=0.0028535924633832739 -0.005030721045114905 0.0059766332228386697 -0.005612167936824692 0.0040579711077252225 0.024753946756849738 -0.027357773218935837
leaf_weight=5.9425565656274539 1.5337190497666577 3.7583346664905548 68.966581156477332 90.213628077879548 5.2122075259685516 5.0954652950167656
leaf_count=44 19 28 717 597 19 101
internal_value=-1.34876e-10 -0.0132659 0.000881699 -0.000140604 0.0142815 -0.0235287
internal_weight=180.722 10.3875 170.335 159.18 11.1548 6.62918
internal_count=1525 148 1377 1314 63 120
is_linear=0
shrinkage=0.03


Tree=82
num_leaves=6
num_cat=0
split_feature=41 64 19 25 51
split_gain=2.3824 3.28604 3.91745 3.32443 0.453413
threshold=0.034523809523809519 0.23431372549019611 0.080128205128205135 0.054669987546699876 2.6735537653587347
decision_type=2 2 2 2 2
left_child=4 3 -3 -2 -1
right_child=1 2 -4 -5 -6
leaf_value=-0.0041653760561688831 -0.015935919286424467 -0.031812327469638801 -0.000716790745493848 0.011305210197971871 -0.025965756727547418
leaf_weight=1.7098420914262522 3.671254474669694 2.7489629443734875 135.53707852773368 34.110121227800846 2.6227457672357559
leaf_count=20 45 46 1163 212 39
internal_value=-1.73776e-10 0.000594998 -0.00155889 0.0083155 -0.0197568
internal_weight=180.4 176.067 138.286 37.7814 4.33259
internal_count=1525 1466 1209 257 59
is_linear=0
shrinkage=0.03


Tree=83
num_leaves=5
num_cat=0
split_feature=77 86 25 20
split_gain=2.46935 3.77494 3.72101 3.12684
threshold=0.23973727422003285 0.79732142857142874 0.15863337204800623 5.8259957565466136
decision_type=2 2 2 2
left_child=1 3 -3 -1
right_child=-2 2 -4 -5
leaf_value=0.00093756969513436432 0.0156118818128263 -0.032287715966119297 0.0044018109665425751 -0.027148902849982032
leaf_weight=160.7959141600877 7.6839404776692382 5.4695014879107458 3.692726768553257 2.647980321198701
leaf_count=1387 28 59 21 30
internal_value=2.56492e-11 -0.000780921 -0.0185224 0.000320208
internal_weight=180.29 172.606 9.16223 163.444
internal_count=1525 1497 80 1417
is_linear=0
shrinkage=0.03


Tree=84
num_leaves=7
num_cat=0
split_feature=77 21 41 59 26 78
split_gain=2.53197 2.5013 2.45011 3.21427 0.367587 0.277323
threshold=0.047847985347985351 0.34941860465116287 0.052564102564102551 0.162280701754386 0.70521390374331561 0.46410256410256417
decision_type=2 2 2 2 2 2
left_child=1 -1 4 -4 -2 -3
right_child=2 5 3 -5 -6 -7
leaf_value=0.010260140235419803 -0.024237451911492749 -0.03280199659603146 0.012822697841981609 -0.0001539799876164842 -0.0038780240175809947 -0.0068422171209719948
leaf_weight=1.5098889935761679 2.8887517023831597 3.0275991698727012 18.373371955007315 151.46832485310733 1.5592641755938528 1.1048768628388641
leaf_count=24 45 54 127 1242 14 19
internal_value=-1.13596e-11 -0.0181808 0.000688937 0.00131667 -0.0191222 -0.0285467
internal_weight=179.932 5.64237 174.29 169.842 4.44802 4.13248
internal_count=1525 97 1428 1369 59 73
is_linear=0
shrinkage=0.03


Tree=85
num_leaves=6
num_cat=0
split_feature=4 28 50 80 39
split_gain=2.65747 2.5554 2.33924 2.41774 0.781482
threshold=8.5000000000000018 0.72777777777777797 -0.06831340946783189 4.7492611597348082 0.93725490196078443
decision_type=2 2 2 2 2
left_child=2 4 -1 -4 -2
right_child=1 -3 3 -5 -6
leaf_value=-0.023342608444737199 -0.024128829361554714 0.013672597440192695 0.0019770960733986745 -0.021858261349170797 -6.0980257267839189e-05
leaf_weight=2.5027787759900084 7.1359794931486231 1.7264477536082257 164.25952671281993 2.9247206263244143 1.4331457130610941
leaf_count=45 133 6 1300 32 9
internal_value=-7.4082e-11 -0.0140925 0.000932598 0.00143263 -0.0205306
internal_weight=179.983 10.2956 169.687 167.184 8.56913
internal_count=1525 148 1377 1332 142
is_linear=0
shrinkage=0.03


Tree=86
num_leaves=4
num_cat=0
split_feature=24 50 25
split_gain=2.77023 3.96473 3.90126
threshold=0.70853559870550176 0.097473505656920159 0.16903096903096906
decision_type=2 2 2
left_child=1 2 -1
right_child=-2 -3 -4
leaf_value=0.00051953467377249287 -0.025905435018303769 0.017963277613086231 -0.018950481533251573
leaf_weight=158.40686520934105 2.6407912634313098 10.015328802168368 8.8347123563289625
leaf_count=1361 20 37 107
internal_value=-7.40588e-11 0.000529103 -0.000615515
internal_weight=179.898 177.257 167.242
internal_count=1525 1505 1468
is_linear=0
shrinkage=0.03


Tree=87
num_leaves=4
num_cat=0
split_feature=24 50 64
split_gain=3.05555 3.17648 3.68328
threshold=0.70853559870550176 0.097473505656920159 0.25098039215686285
decision_type=2 2 2
left_child=1 2 -1
right_child=-2 -3 -4
leaf_value=0.0072759093318882188 -0.028030798767553818 0.016174981805186794 -0.0030004088712273272
leaf_weight=40.598200868815184 2.4338997900485984 9.9755611121654493 126.962338257581
leaf_count=298 20 37 1170
internal_value=-2.74696e-10 0.000539134 -0.000482169
internal_weight=179.97 177.536 167.561
internal_count=1525 1505 1468
is_linear=0
shrinkage=0.03


Tree=88
num_leaves=4
num_cat=0
split_feature=36 41 64
split_gain=2.59774 3.07833 3.79021
threshold=0.44001304251304257 0.034523809523809519 0.23431372549019611
decision_type=2 2 2
left_child=1 -1 -3
right_child=-2 2 -4
leaf_value=-0.023669405579870195 0.021135387114458375 0.0083326379025033016 -0.0023127377214221083
leaf_weight=4.0606698319315901 4.08701143041253 37.785510838031769 133.43743530940264
leaf_count=58 18 256 1193
internal_value=-5.84753e-12 -0.000609903 7.1228e-05
internal_weight=179.371 175.284 171.223
internal_count=1525 1507 1449
is_linear=0
shrinkage=0.03


Tree=89
num_leaves=6
num_cat=0
split_feature=50 20 63 47 83
split_gain=2.40366 2.91379 8.19563 5.20058 2.74445
threshold=-0.064081407194819959 4.516324041782946 0.62916666666666676 0.33974358974358981 0.76568627450980398
decision_type=2 2 2 2 2
left_child=4 2 -2 -3 -1
right_child=1 3 -4 -5 -6
leaf_value=-0.031157146578924242 0.00060909372328894242 0.014132631966287609 -0.024908356954398657 -0.0010557809442459868 0.01121205574324744
leaf_weight=3.3921513259410849 76.145872759632766 31.074612803757191 12.298657974228261 54.877441676333547 1.3903887420892713
leaf_count=64 721 176 157 398 9
internal_value=-1.31615e-10 0.000627411 -0.00317804 0.00453473 -0.0190307
internal_weight=179.179 174.397 88.4445 85.9521 4.78254
internal_count=1525 1452 878 574 73
is_linear=0
shrinkage=0.03


Tree=90
num_leaves=7
num_cat=0
split_feature=47 33 24 87 20 59
split_gain=2.23133 5.18259 4.83343 5.2045 4.73783 4.45725
threshold=0.78869047619047628 0.37566137566137575 0.47864741641337394 0.64058823529411779 4.516324041782946 0.59166666666666667
decision_type=2 2 2 2 2 2
left_child=2 5 4 -4 -1 -2
right_child=1 -3 3 -5 -6 -7
leaf_value=-0.0053825866580152898 0.0043750957826415261 0.016899105118912291 -0.017291562103035393 0.0027675984388198902 0.0095988315902021254 -0.018446221899154663
leaf_weight=35.300272303633392 27.790800767019391 19.687121007591486 29.289667023345828 18.510647598654032 38.980944711714983 9.5267797484993917
leaf_count=445 172 86 379 101 251 91
internal_value=8.58637e-12 0.00485093 -0.0022861 -0.00962613 0.00250236 -0.0017803
internal_weight=179.086 57.0047 122.082 47.8003 74.2812 37.3176
internal_count=1525 349 1176 480 696 263
is_linear=0
shrinkage=0.03


Tree=91
num_leaves=5
num_cat=0
split_feature=36 36 76 81
split_gain=2.30327 2.55363 3.27301 3.06462
threshold=0.44001304251304257 0.37396557127124364 0.52963125548726964 0.35410216718266257
decision_type=2 2 2 2
left_child=1 3 -3 -1
right_child=-2 2 -4 -5
leaf_value=-0.02184796584533414 0.019708559584881404 -0.031535017955846213 0.0045948855146854956 0.00099016141715932101
leaf_weight=4.4659462077543131 4.1831598840653887 4.2256051618605843 3.5774899832904339 161.62369297537953
leaf_count=76 18 41 22 1368
internal_value=3.05022e-11 -0.000584087 -0.0163302 0.000248992
internal_weight=178.076 173.893 7.8031 166.09
internal_count=1525 1507 63 1444
is_linear=0
shrinkage=0.03


Tree=92
num_leaves=7
num_cat=0
split_feature=49 51 59 1 28 78
split_gain=2.29653 5.38765 2.57 4.35053 4.34168 2.0442
threshold=0.085784313725490238 3.7726948748059121 0.60769230769230786 1.8500000000000003 0.80740740740740768 0.79289215686274528
decision_type=2 2 2 2 2 2
left_child=1 5 4 -4 -2 -1
right_child=2 -3 3 -5 -6 -7
leaf_value=-0.026777111341826903 0.0015009139042211567 0.019211502603772568 -0.024005404956663853 -0.00057449569145275525 0.020659890707808094 0.0023264911678494309
leaf_weight=8.7557279914617521 104.20339369401336 3.2323294654488555 7.6623058021068564 40.665577512234449 10.884072393178938 2.5997540913522235
leaf_count=145 885 16 88 331 36 24
internal_value=5.45809e-11 -0.0110051 0.00104337 -0.00470077 0.00347518 -0.020465
internal_weight=178.003 14.5878 163.415 48.3279 115.087 11.3555
internal_count=1525 185 1340 419 921 169
is_linear=0
shrinkage=0.03


Tree=93
num_leaves=7
num_cat=0
split_feature=49 51 49 50 77 44
split_gain=2.4235 5.18606 2.9192 6.10984 4.63535 2.07862
threshold=0.085784313725490238 3.7726948748059121 0.28869047619047622 -0.035381159587458078 0.064632165235553499 -0.055553089305635815
decision_type=2 2 2 2 2 2
left_child=1 5 3 -2 -4 -1
right_child=2 -3 4 -5 -6 -7
leaf_value=0.0003457287326752395 -0.0059424840595623156 0.018195138782859221 -0.01852911809514041 0.020216466508014952 0.00087592556656466752 -0.027757991063506224
leaf_weight=3.1538147106766692 13.376404228620233 3.2887165211141101 11.187341520562766 17.845079259946942 121.06401910539716 8.2268036883324367
leaf_count=55 147 16 156 111 926 114
internal_value=9.26705e-11 -0.0112735 0.00107402 0.00917243 -0.000892311 -0.020571
internal_weight=178.142 14.6693 163.473 31.2215 132.251 11.3806
internal_count=1525 185 1340 258 1082 169
is_linear=0
shrinkage=0.03


Tree=94
num_leaves=7
num_cat=0
split_feature=40 21 42 87 64 47
split_gain=2.75346 7.21564 3.42747 3.28257 2.9971 2.89202
threshold=-0.059830273892773893 0.45607017543859657 -0.024467199467199472 0.69705882352941184 0.12132352941176473 0.29705882352941182
decision_type=2 2 2 2 2 2
left_child=1 -1 3 -2 -4 -3
right_child=2 5 4 -5 -6 -7
leaf_value=-0.023365083366552363 -0.024443592842237447 0.032723439512437266 0.013481162382246404 0.006217962728087641 -0.0012435715574071683 0.0052923002319167703
leaf_weight=3.456393118947747 9.2015865556895715 7.0961643159389478 12.695067457854746 4.0440301373600951 134.84467573650181 6.8409401047974825
leaf_count=67 120 31 81 24 1144 58
internal_value=-1.55055e-10 0.0109988 -0.00125047 -0.0153029 0.000105648 0.0205147
internal_weight=178.179 17.3935 160.785 13.2456 147.54 13.9371
internal_count=1525 156 1369 144 1225 89
is_linear=0
shrinkage=0.03


Tree=95
num_leaves=5
num_cat=0
split_feature=50 40 21 85
split_gain=2.71773 2.59518 6.89814 3.54678
threshold=-0.06831340946783189 -0.059830273892773893 0.45607017543859657 0.32522624434389147
decision_type=2 2 2 2
left_child=-1 2 -2 -3
right_child=1 3 -4 -5
leaf_value=-0.025162571715106764 -0.023131762787691683 -0.012305657600780682 0.020394010377657503 0.0010271099575250491
leaf_weight=2.7820912543684235 3.301641762256625 19.610394217073917 13.948568489402531 138.64899511728436
leaf_count=49 61 282 81 1052
internal_value=-1.06912e-10 0.000539161 0.0112523 -0.000691888
internal_weight=178.292 175.51 17.2502 158.259
internal_count=1525 1476 142 1334
is_linear=0
shrinkage=0.03


Tree=96
num_leaves=4
num_cat=0
split_feature=24 50 25
split_gain=2.80962 4.0652 3.48912
threshold=0.68237250554323736 0.097473505656920159 0.16903096903096906
decision_type=2 2 2
left_child=1 2 -1
right_child=-2 -3 -4
leaf_value=0.00052665725943552854 -0.023085817935839407 0.018819200732054873 -0.018311795557228002
leaf_weight=156.69781938754022 3.6227985695004454 9.3802583143115026 8.3753666235133988
leaf_count=1357 28 35 105
internal_value=-9.36371e-11 0.000608259 -0.000533663
internal_weight=178.076 174.453 165.073
internal_count=1525 1497 1462
is_linear=0
shrinkage=0.03


Tree=97
num_leaves=7
num_cat=0
split_feature=40 21 85 38 25 82
split_gain=2.22039 6.26634 3.38661 3.39315 2.8656 2.78127
threshold=-0.059830273892773893 0.45607017543859657 0.32522624434389147 -0.21800338224255714 0.26134966181594593 0.12012658227848103
decision_type=2 2 2 2 2 2
left_child=1 -1 3 -2 -4 -3
right_child=2 5 4 -5 -6 -7
leaf_value=-0.022772834826911989 0.014603977156628577 0.026258560170718849 -0.00023482109488989864 -0.017425050440913518 0.024046038374364864 -0.0022996941429269846
leaf_weight=3.3227201644331243 2.7759612165391472 10.120040344074367 136.94750673696399 16.984854138456285 3.5182990655302993 4.0297807529568663
leaf_count=67 16 56 1066 274 13 33
internal_value=-1.80229e-10 0.00985185 -0.00112878 -0.012439 0.000539029 0.0185104
internal_weight=177.699 17.4725 160.227 19.7608 140.466 14.1498
internal_count=1525 156 1369 290 1079 89
is_linear=0
shrinkage=0.03


Tree=98
num_leaves=7
num_cat=0
split_feature=2 62 76 51 2 36
split_gain=2.23063 4.4477 4.39807 3.64643 3.56468 3.07686
threshold=0.51666666666666672 0.087121212121212141 0.6093596059113302 2.3502401828962087 0.16025641025641027 0.13801433537187222
decision_type=2 2 2 2 2 2
left_child=3 5 -3 -1 -5 -2
right_child=1 2 -4 4 -6 -7
leaf_value=0.020357252184886276 -0.0057039952791349503 -0.012490095662980686 0.013567058093667511 -0.0033512073891144877 0.0073025656566027101 0.030840069643505361
leaf_weight=8.1845219796523434 3.1744014015421262 38.42368140630424 5.9939781650900832 73.026594871655107 44.736360104754567 3.813306737691164
leaf_count=45 34 402 27 675 332 10
internal_value=2.01902e-10 -0.00520721 -0.0087525 0.0021496 0.00072341 0.015603
internal_weight=177.353 51.4054 44.4177 125.947 117.763 6.98771
internal_count=1525 473 429 1052 1007 44
is_linear=0
shrinkage=0.03


Tree=99
num_leaves=5
num_cat=0
split_feature=34 34 31 75
split_gain=2.8622 4.26343 3.72151 2.416
threshold=0.90833333333333355 0.72708333333333341 0.78759398496240618 4.0163424379838117
decision_type=2 2 2 2
left_child=1 3 -3 -1
right_child=-2 2 -4 -5
leaf_value=-0.0036188765329684723 0.021306747477279845 -0.037241380583730735 0.0067902428184436116 0.0035944207292771231
leaf_weight=75.780786053277552 4.5001878123730412 4.1206335406750432 2.1999879591166973 90.708751022815704
leaf_count=811 30 47 14 623
internal_value=-1.99781e-11 -0.000674248 -0.0230815 0.000309152
internal_weight=177.31 172.81 6.32062 166.49
internal_count=1525 1495 61 1434
is_linear=0
shrinkage=0.03


Tree=100
num_leaves=6
num_cat=0
split_feature=50 83 51 4 59
split_gain=2.17816 2.98266 2.50011 2.61909 2.41586
threshold=-0.064081407194819959 0.76568627450980398 2.3502401828962087 8.5000000000000018 0.45993589743589752
decision_type=2 2 2 2 2
left_child=1 -1 4 -4 -2
right_child=2 -3 3 -5 -6
leaf_value=-0.031221263341869122 0.026879026480271594 0.013669127161662216 0.00061196942516058531 -0.015942835115500497 -0.0026172612749224312
leaf_weight=3.2701649665832511 5.1401504511013609 1.256947102025151 155.02719380892813 8.1030821455642563 3.9390297625213861
leaf_count=64 27 9 1265 130 30
internal_value=1.21808e-10 -0.0185394 0.000591593 -0.000302474 0.015092
internal_weight=176.737 4.52711 172.209 163.13 9.07918
internal_count=1525 73 1452 1395 57
is_linear=0
shrinkage=0.03


Tree=101
num_leaves=7
num_cat=0
split_feature=40 2 21 42 26 79
split_gain=2.57974 6.77061 5.88781 2.81369 3.8898 2.92934
threshold=-0.055863927738927698 0.63392857142857151 0.45607017543859657 -0.024467199467199472 0.8218253968253969 0.17156862745098042
decision_type=2 2 2 2 2 2
left_child=1 2 -1 4 -2 -5
right_child=3 -3 -4 5 -6 -7
leaf_value=-0.016436398097301172 -0.02482210192966364 -0.027468587748836062 0.024478485749253303 -0.011620485767428674 0.0095016970610071472 0.0014476406985825859
leaf_weight=3.2141030430793824 8.5609418451786023 2.8147351928055278 14.713974516838787 16.54386183898896 3.673771731555461 127.60778680071235
leaf_count=62 116 42 75 225 21 984
internal_value=-1.52929e-11 0.00968615 0.0166625 -0.00133814 -0.0145764 -0.000121875
internal_weight=177.129 20.7428 17.9281 156.386 12.2347 144.152
internal_count=1525 179 137 1346 137 1209
is_linear=0
shrinkage=0.03


Tree=102
num_leaves=7
num_cat=0
split_feature=4 84 37 43 76 23
split_gain=2.19363 3.00097 2.44088 3.42361 1.98928 0.168837
threshold=8.5000000000000018 0.81174089068825916 0.16025641025641027 0.074175824175824148 0.47071078431372554 0.89587973461402759
decision_type=2 2 2 2 2 2
left_child=2 5 4 -4 -1 -2
right_child=1 -3 3 -5 -6 -7
leaf_value=0.022718647819168183 -0.0074513080850564057 0.0073202700347265361 -0.017800187110973864 0.00096615805489049433 -0.0028777774087059386 -0.027226397534657408
leaf_weight=6.8758835755288583 1.4396246131509522 3.6899230573326349 8.2986062085255963 147.09337925538421 3.8714867737144232 4.8262635013088584
leaf_count=35 19 28 141 1173 28 101
internal_value=-3.45435e-11 -0.0130045 0.000852433 -0.000143456 0.0140381 -0.0243338
internal_weight=176.095 9.95581 166.139 155.392 10.7474 6.26589
internal_count=1525 148 1377 1314 63 120
is_linear=0
shrinkage=0.03


Tree=103
num_leaves=6
num_cat=0
split_feature=51 76 4 37 39
split_gain=2.02727 2.75395 2.37848 2.43976 1.89982
threshold=2.3502401828962087 0.49096352749047362 8.5000000000000018 0.16025641025641027 0.81071428571428583
decision_type=2 2 2 2 2
left_child=1 -1 3 -2 -4
right_child=2 -3 4 -5 -6
leaf_value=-0.0084436305600035268 0.013318841814298935 0.02307234189956648 -0.023043584541218774 -0.00098171322437265169 0.0074991616679733995
leaf_weight=3.1421296913176757 10.575620569288729 6.3263758290559053 6.1440798966214043 147.21206856705248 1.9191398061811922
leaf_count=36 63 26 124 1263 13
internal_value=2.21072e-10 0.0128062 -0.000803484 5.46145e-05 -0.0157487
internal_weight=175.319 9.46851 165.851 157.788 8.06322
internal_count=1525 62 1463 1326 137
is_linear=0
shrinkage=0.03


Tree=104
num_leaves=6
num_cat=0
split_feature=41 64 19 84 26
split_gain=1.83988 2.44775 3.61677 3.36528 0.433308
threshold=0.034523809523809519 0.23431372549019611 0.080128205128205135 0.57793522267206487 0.70521390374331561
decision_type=2 2 2 2 2
left_child=4 3 -3 -2 -1
right_child=1 2 -4 -5 -6
leaf_value=-0.023401577957272553 -0.0023782437796414312 -0.031083476419047646 -0.00055202254873879832 0.015440577724148115 -0.0024277643122509809
leaf_weight=2.6210979241877785 17.293503569439054 2.5887812450528136 131.21674134023488 19.652021888643503 1.5105025935918091
leaf_count=44 156 46 1163 101 15
internal_value=2.47319e-11 0.000528872 -0.00136892 0.00725705 -0.017701
internal_weight=174.883 170.751 133.806 36.9455 4.1316
internal_count=1525 1466 1209 257 59
is_linear=0
shrinkage=0.03


Tree=105
num_leaves=7
num_cat=0
split_feature=20 20 63 45 47 41
split_gain=1.88044 5.9635 5.73119 4.39778 3.94214 3.53392
threshold=4.516324041782946 4.5695295849856103 0.53708791208791218 0.045546558704453462 0.79289215686274528 0.93725490196078443
decision_type=2 2 2 2 2 2
left_child=2 -2 4 -4 -1 -3
right_child=1 5 3 -5 -6 -7
leaf_value=-0.0042541318592055023 0.026568696628423295 -0.0022570704900075835 0.014063103126743052 -0.025905421843361275 0.010430315662458285 0.014825557929197061
leaf_weight=49.85784861817956 7.7867531999945632 66.629594085738063 2.3489992767572394 12.816080374643205 23.32482361420989 11.994228608906267
leaf_count=598 30 527 20 175 124 51
internal_value=1.96577e-10 0.00312839 -0.00306056 -0.0192275 0.000503616 0.000502386
internal_weight=174.758 86.4106 88.3478 15.1651 73.1827 78.6238
internal_count=1525 608 917 195 722 578
is_linear=0
shrinkage=0.03


Tree=106
num_leaves=5
num_cat=0
split_feature=20 20 63 20
split_gain=1.86026 2.1202 4.94502 4.66237
threshold=5.9093956039278197 4.516324041782946 0.53708791208791218 4.5695295849856103
decision_type=2 2 2 2
left_child=1 2 -1 -3
right_child=-2 3 -4 -5
leaf_value=0.00047741690345465623 -0.022573388432096723 0.024759609644464432 -0.017966724490531834 0.0014314730825503836
leaf_weight=73.113787314854562 2.2254832684993735 7.5981109533458939 14.920939951203762 76.254831904545426
leaf_count=722 27 30 195 551
internal_value=1.69385e-10 0.000421141 -0.00281535 0.00381217
internal_weight=174.113 171.888 88.0347 83.8529
internal_count=1525 1498 917 581
is_linear=0
shrinkage=0.03


Tree=107
num_leaves=4
num_cat=0
split_feature=20 77 86
split_gain=2.07753 2.06736 3.60957
threshold=5.9093956039278197 0.23973727422003285 0.79732142857142874
decision_type=2 2 2
left_child=1 2 -1
right_child=-2 -3 -4
leaf_value=0.00079320046809745715 -0.023817170123336111 0.015424109683741879 -0.018607937478354576
leaf_weight=156.47048429585993 2.2354871947318307 6.9142054244875899 8.1313223466277105
leaf_count=1396 27 25 77
internal_value=5.78674e-11 0.000446684 -0.000271793
internal_weight=173.751 171.516 164.602
internal_count=1525 1498 1473
is_linear=0
shrinkage=0.03


Tree=108
num_leaves=7
num_cat=0
split_feature=40 2 4 85 80 25
split_gain=1.87217 5.10701 3.48995 3.32777 2.98805 2.4389
threshold=-0.059830273892773893 0.63392857142857151 6.5000000000000009 0.32522624434389147 3.8176519431297078 0.26134966181594593
decision_type=2 2 2 2 2 2
left_child=1 2 -1 4 -2 -5
right_child=3 -3 -4 5 -6 -7
leaf_value=0.022074579287630285 -0.0058615055099308965 -0.025128208020680991 -0.012308303049949105 -0.00011499346275374108 -0.034259210885823073 0.022688226135951575
leaf_weight=12.444557923823597 15.595363191328945 2.3969832155853501 2.6217290349304667 133.65051681455225 3.4652981935068956 3.35863934457302
leaf_count=76 229 36 44 1066 61 13
internal_value=-1.08256e-10 0.00903662 0.0156978 -0.00106224 -0.0124747 0.00060435
internal_weight=173.533 17.4633 15.0663 156.07 19.0607 137.009
internal_count=1525 156 120 1369 290 1079
is_linear=0
shrinkage=0.03


Tree=109
num_leaves=6
num_cat=0
split_feature=64 19 24 84 84
split_gain=1.99632 4.74583 2.83341 2.59012 4.4115
threshold=0.23431372549019611 0.080128205128205135 0.47391107078039935 0.85164835164835184 0.57793522267206487
decision_type=2 2 2 2 2
left_child=3 -2 -3 4 -1
right_child=1 2 -4 -5 -6
leaf_value=-0.0019617910215269083 -0.033548283567436096 0.0045291543366266195 -0.0043843692995292642 -0.016829281635689999 0.018650233786226662
leaf_weight=18.560467319563031 3.0961357569321981 53.290459600277245 77.553391316905618 3.1775965616106978 17.477787505835295
leaf_count=182 52 506 666 34 85
internal_value=1.60454e-10 -0.00174845 -0.000747226 0.00586673 0.00826825
internal_weight=173.156 133.94 130.844 39.2159 36.0383
internal_count=1525 1224 1172 301 267
is_linear=0
shrinkage=0.03


Tree=110
num_leaves=7
num_cat=0
split_feature=37 76 22 59 49 86
split_gain=1.80544 4.39564 2.69566 3.52298 2.02937 0.460885
threshold=0.16025641025641027 0.47195505617977535 0.21383540313698685 0.60769230769230786 0.79705882352941193 0.46547619047619054
decision_type=2 2 2 2 2 2
left_child=1 5 3 -2 -4 -1
right_child=2 -3 4 -5 -6 -7
leaf_value=0.0094659108858602369 0.00073201586940449634 -0.016148214427489708 -0.00071621795016151208 -0.0097377210154750791 0.022527260920110859 0.028004460956778946
leaf_weight=3.4227705840021354 111.36816170066595 3.025341670960187 6.0914152413606626 38.016996913589537 6.4329188317060471 4.6581553295254707
leaf_count=32 1004 30 36 386 21 16
internal_value=6.66016e-11 0.0111774 -0.000830627 -0.00197946 0.0120053 0.0220593
internal_weight=173.016 11.1063 161.909 149.385 12.5243 8.08093
internal_count=1525 78 1447 1390 57 48
is_linear=0
shrinkage=0.03


Tree=111
num_leaves=5
num_cat=0
split_feature=36 36 36 42
split_gain=1.84015 2.27522 2.21417 0.262403
threshold=-0.55852849531420945 -0.43604691876750701 -0.37750352945665444 -0.0063625477087015511
decision_type=2 2 2 2
left_child=-1 3 -3 -2
right_child=1 2 -4 -5
leaf_value=0.019591278141045269 -0.028737932796830734 0.021180589609708401 -0.00050732603484781734 -0.0057536483495774365
leaf_weight=3.2109226919710627 1.7221073284745219 3.3488136474043122 163.21553966309875 1.2714685425162304
leaf_count=20 32 20 1437 16
internal_value=4.34123e-11 -0.000483691 5.25149e-05 -0.022861
internal_weight=172.769 169.558 166.564 2.99358
internal_count=1525 1505 1457 48
is_linear=0
shrinkage=0.03


Tree=112
num_leaves=5
num_cat=0
split_feature=36 36 64 42
split_gain=1.73175 2.13971 2.06721 0.218611
threshold=-0.55852849531420945 -0.43604691876750701 0.23431372549019611 -0.0063625477087015511
decision_type=2 2 2 2
left_child=-1 3 -3 -2
right_child=1 2 -4 -5
leaf_value=0.018986567571910948 -0.027998234368213051 0.006076800223323315 -0.0017856147377567824 -0.0058853472312391051
leaf_weight=3.21905175410211 1.655519135296345 38.228210797533393 128.28889824077487 1.2559929881244887
leaf_count=20 32 287 1170 16
internal_value=1.20674e-13 -0.000470023 4.49019e-05 -0.0224024
internal_weight=172.648 169.429 166.517 2.91151
internal_count=1525 1505 1457 48
is_linear=0
shrinkage=0.03


Tree=113
num_leaves=7
num_cat=0
split_feature=25 82 1 25 47 46
split_gain=1.7377 5.56465 5.61966 4.92135 4.17688 3.91906
threshold=0.11439476553980372 0.10840188014101058 2.7625000000000006 0.15349965349965353 0.79289215686274528 -0.011496756050815472
decision_type=2 2 2 2 2 2
left_child=1 2 -1 4 -2 -5
right_child=3 -3 -4 5 -6 -7
leaf_value=0.0029286990902343039 -0.021897751817872659 0.017773723787945148 -0.016372146759170078 -0.018080756138799364 0.00076587516176282564 0.0072992834996191188
leaf_weight=72.097107513807714 17.125917989760641 16.688251727260649 15.675606820732353 5.5427695568650952 12.164974095299838 33.206411935389042
leaf_count=675 194 107 199 85 84 181
internal_value=6.01867e-12 0.00242222 -0.000663898 -0.00370003 -0.0127706 0.00330533
internal_weight=172.501 104.461 87.7727 68.0401 29.2909 38.7492
internal_count=1525 981 874 544 278 266
is_linear=0
shrinkage=0.03


Tree=114
num_leaves=7
num_cat=0
split_feature=4 25 79 82 84 22
split_gain=1.89171 2.32702 4.42381 4.39857 2.26954 0.545922
threshold=8.5000000000000018 0.11396103896103897 0.42582417582417592 0.10840188014101058 0.81174089068825916 0.049793388429752075
decision_type=2 2 2 2 2 2
left_child=1 3 -3 -1 5 -2
right_child=4 2 -4 -5 -6 -7
leaf_value=0.00094159550000539325 4.0788338932188999e-05 -0.018636569030709076 0.00042355091583983178 0.018333630357072538 0.0056374900669653059 -0.025948599076834198
leaf_weight=83.024999743327498 0.82556545082479527 12.876331984996794 51.936227396130562 14.564689099788664 3.5201404672116041 4.9288543397560716
leaf_count=778 13 162 350 87 28 107
internal_value=1.8189e-10 0.00078511 -0.00358877 0.00369689 -0.0124861 -0.022766
internal_weight=171.677 162.402 64.8126 97.5897 9.27456 5.75442
internal_count=1525 1377 512 865 148 120
is_linear=0
shrinkage=0.03


Tree=115
num_leaves=7
num_cat=0
split_feature=4 39 37 43 76 20
split_gain=1.76893 2.19209 2.09054 2.48215 1.5096 0.427077
threshold=8.5000000000000018 0.75735294117647067 0.16025641025641027 0.074175824175824148 0.47071078431372554 2.3502401828962087
decision_type=2 2 2 2 2 2
left_child=2 5 4 -4 -1 -2
right_child=1 -3 3 -5 -6 -7
leaf_value=0.020796687067502959 -0.0062378966240109711 0.0055925983253811047 -0.015272060641784083 0.0007899964015556151 -0.0020130899758338586 -0.027620841950886953
leaf_weight=6.6520558968186361 1.8996784230694155 3.5140765961259604 8.2104855077341181 143.65429981704801 3.7152734138071537 3.7216495340690017
leaf_count=35 36 29 141 1173 28 83
internal_value=7.43487e-11 -0.0121612 0.000755111 -0.000172615 0.0131645 -0.0224281
internal_weight=171.368 9.1354 162.232 151.865 10.3673 5.62133
internal_count=1525 148 1377 1314 63 119
is_linear=0
shrinkage=0.03


Tree=116
num_leaves=7
num_cat=0
split_feature=4 84 86 44 24 22
split_gain=1.85448 2.18523 1.90854 2.86758 2.17175 0.446863
threshold=8.5000000000000018 0.81174089068825916 0.79732142857142874 0.088396230284341945 0.57821912650602425 0.064368156259248313
decision_type=2 2 2 2 2 2
left_child=2 5 4 -4 -1 -2
right_child=1 -3 3 -5 -6 -7
leaf_value=-0.00018902271709086085 -0.0022844389129443071 0.005487687438756399 -0.03121275374989978 0.0014673634686170639 0.0087244138127274586 -0.025986413069583974
leaf_weight=123.47177945636213 1.0558474594727139 3.4651738256216049 3.100123103708027 5.6792625002563 29.710583513602614 4.6196920173242688
leaf_count=1129 24 28 40 39 169 96
internal_value=2.04578e-12 -0.0124477 0.00077459 -0.0120841 0.00158516 -0.0225798
internal_weight=171.102 9.14071 161.962 8.77939 153.182 5.67554
internal_count=1525 148 1377 79 1298 120
is_linear=0
shrinkage=0.03


Tree=117
num_leaves=7
num_cat=0
split_feature=4 87 25 79 82 23
split_gain=1.85275 2.18946 1.97096 4.07741 3.73504 0.165554
threshold=8.5000000000000018 0.59372549019607856 0.11396103896103897 0.42582417582417592 0.10840188014101058 0.89587973461402759
decision_type=2 2 2 2 2 2
left_child=2 5 4 -4 -1 -2
right_child=1 -3 3 -5 -6 -7
leaf_value=0.00091568461291386522 -0.005663741999395751 0.0026163963383453925 -0.017870462695711079 0.00056285805783035678 0.016995378979659182 -0.027926082020501009
leaf_weight=83.161246259696782 0.9648105325177293 4.4472977537661791 12.635885160416363 51.656081391498446 14.440030001103876 3.6034638257697225
leaf_count=778 16 35 162 350 87 97
internal_value=2.54429e-10 -0.0125238 0.00077003 -0.00327822 0.0034429 -0.0250858
internal_weight=170.909 9.01557 161.893 64.292 97.6013 4.56827
internal_count=1525 148 1377 512 865 113
is_linear=0
shrinkage=0.03


Tree=118
num_leaves=7
num_cat=0
split_feature=29 79 46 64 24 23
split_gain=1.68226 5.98373 5.07604 4.45689 4.2967 5.91257
threshold=0.72380952380952401 0.63809523809523816 -0.0083745913438375199 0.11651583710407244 0.57821912650602425 3.9796379800581989
decision_type=2 2 2 2 2 2
left_child=4 2 -2 -3 -1 -6
right_child=1 3 -4 -5 5 -7
leaf_value=-0.006035000372056145 0.0017136406699113779 0.024299934523350032 0.022681903809871173 -0.0099598251455399502 0.015329290542363844 -0.023679665604596774
leaf_weight=74.570415880531073 24.341995552182198 2.8936954215168944 17.365484155714512 29.247309312224388 18.888208407908682 3.3140167649835339
leaf_count=924 188 8 64 190 115 36
internal_value=8.09312e-11 0.00338484 0.0107707 -0.00623522 -0.00259121 0.00873699
internal_weight=170.621 73.8485 41.7075 32.141 96.7726 22.2022
internal_count=1525 450 252 198 1075 151
is_linear=0
shrinkage=0.03


Tree=119
num_leaves=4
num_cat=0
split_feature=36 24 81
split_gain=1.76709 1.96143 2.8655
threshold=-0.55852849531420945 0.67799539170506928 0.65301003344481623
decision_type=2 2 2
left_child=-1 2 -2
right_child=1 -3 -4
leaf_value=0.019056638685394752 -0.00061756843468185462 -0.01972262713747092 0.023111785965236848
leaf_weight=3.2704440113157025 159.09864132385701 3.638291446492075 3.7149473279714575
leaf_count=20 1461 33 11
internal_value=1.14815e-11 -0.000485992 6.16493e-05
internal_weight=169.722 166.452 162.814
internal_count=1525 1505 1472
is_linear=0
shrinkage=0.03


end of trees

feature_importances:
trainer_win=35
jockey_disc_starts=32
music_score=26
jockey_win_rel=26
fundamental_consensus=25
age=24
trainer_win_rel=24
jockey_starts=22
trainer_top5=22
trainer_top5_rankpct=22
form_music_mean=20
trainer_disc_win_rankpct=19
form_rel=18
days_since_run_log=18
jockey_disc_top5=18
horse_dist_win_rankpct=17
music_rankpct=16
horse_disc_win_rankpct=16
consistency_rankpct=15
trainer_starts=14
jockey_disc_win=14
trainer_win_rankpct=13
jockey_win=12
horse_name_top5_rel=11
horse_name_win_rel=11
entity_context_mean=11
horse_name_win_rankpct=10
horse_dist_top5_rankpct=10
jockey_top5=8
jockey_win_rankpct=8
jockey_disc_top5_rankpct=8
jockey_disc_win_rankpct=8
horse_name_top5_rankpct=7
jockey_top5_rel=7
trainer_disc_win=7
draw=6
light_distance_interaction=6
trainer_top5_rel=6
form=5
trainer_disc_top5_rankpct=5
distance=4
horse_name_win=4
inner_draw_rankpct=4
consistency_rel=4
horse_hippo_top5_rankpct=4
trainer_disc_starts=4
trainer_disc_top5=4
field_size=3
weight=3
form_rankpct=3
jockey_top5_rankpct=3
sex_HONGRES=2
horse_hippo_win_rankpct=2
plat_draw=1
draw_distance_interaction=1
horse_dist_win=1

parameters:
[boosting: gbdt]
[objective: lambdarank]
[metric: ndcg]
[tree_learner: serial]
[device_type: cpu]
[data_sample_strategy: bagging]
[data: ]
[valid: ]
[num_iterations: 120]
[learning_rate: 0.03]
[num_leaves: 7]
[num_threads: 2]
[seed: 42]
[deterministic: 0]
[force_col_wise: 0]
[force_row_wise: 0]
[histogram_pool_size: -1]
[max_depth: 3]
[min_data_in_leaf: 20]
[min_sum_hessian_in_leaf: 0.001]
[bagging_fraction: 1]
[pos_bagging_fraction: 1]
[neg_bagging_fraction: 1]
[bagging_freq: 0]
[bagging_seed: 400]
[bagging_by_query: 0]
[feature_fraction: 1]
[feature_fraction_bynode: 1]
[feature_fraction_seed: 30056]
[extra_trees: 0]
[extra_seed: 12879]
[early_stopping_round: 0]
[early_stopping_min_delta: 0]
[first_metric_only: 0]
[max_delta_step: 0]
[lambda_l1: 0]
[lambda_l2: 1]
[linear_lambda: 0]
[min_gain_to_split: 0]
[drop_rate: 0.1]
[max_drop: 50]
[skip_drop: 0.5]
[xgboost_dart_mode: 0]
[uniform_drop: 0]
[drop_seed: 17869]
[top_rate: 0.2]
[other_rate: 0.1]
[min_data_per_group: 100]
[max_cat_threshold: 32]
[cat_l2: 10]
[cat_smooth: 10]
[max_cat_to_onehot: 4]
[top_k: 20]
[monotone_constraints: ]
[monotone_constraints_method: basic]
[monotone_penalty: 0]
[feature_contri: ]
[forcedsplits_filename: ]
[refit_decay_rate: 0.9]
[cegb_tradeoff: 1]
[cegb_penalty_split: 0]
[cegb_penalty_feature_lazy: ]
[cegb_penalty_feature_coupled: ]
[path_smooth: 0]
[interaction_constraints: ]
[verbosity: -1]
[saved_feature_importance_type: 0]
[use_quantized_grad: 0]
[num_grad_quant_bins: 4]
[quant_train_renew_leaf: 0]
[stochastic_rounding: 1]
[linear_tree: 0]
[max_bin: 255]
[max_bin_by_feature: ]
[min_data_in_bin: 3]
[bin_construct_sample_cnt: 200000]
[data_random_seed: 175]
[is_enable_sparse: 1]
[enable_bundle: 1]
[use_missing: 1]
[zero_as_missing: 0]
[feature_pre_filter: 1]
[pre_partition: 0]
[two_round: 0]
[header: 0]
[label_column: ]
[weight_column: ]
[group_column: ]
[ignore_column: ]
[categorical_feature: ]
[forcedbins_filename: ]
[precise_float_parser: 0]
[parser_config_file: ]
[objective_seed: 16083]
[num_class: 1]
[is_unbalance: 0]
[scale_pos_weight: 1]
[sigmoid: 1]
[boost_from_average: 1]
[reg_sqrt: 0]
[alpha: 0.9]
[fair_c: 1]
[poisson_max_delta_step: 0.7]
[tweedie_variance_power: 1.5]
[lambdarank_truncation_level: 30]
[lambdarank_norm: 1]
[label_gain: ]
[lambdarank_position_bias_regularization: 0]
[eval_at: 1,2,3,4,5]
[multi_error_top_k: 1]
[auc_mu_weights: ]
[num_machines: 1]
[local_listen_port: 12400]
[time_out: 120]
[machine_list_filename: ]
[machines: ]
[gpu_platform_id: -1]
[gpu_device_id: -1]
[gpu_use_dp: 0]
[num_gpu: 1]

end of parameters

pandas_categorical:[]
